Id,IsDeleted,MasterRecordId,Name,Type,ParentId,BillingStreet,BillingCity,BillingState,BillingPostalCode,BillingCountry,BillingLatitude,BillingLongitude,BillingGeocodeAccuracy,BillingAddress,ShippingStreet,ShippingCity,ShippingState,ShippingPostalCode,ShippingCountry,ShippingLatitude,ShippingLongitude,ShippingGeocodeAccuracy,ShippingAddress,Phone,Fax,AccountNumber,Website,PhotoUrl,Sic,Industry,AnnualRevenue,NumberOfEmployees,Ownership,TickerSymbol,Description,Rating,Site,OwnerId,CreatedDate,CreatedById,LastModifiedDate,LastModifiedById,SystemModstamp,LastActivityDate,LastViewedDate,LastReferencedDate,Jigsaw,JigsawCompanyId,CleanStatus,AccountSource,DunsNumber,Tradestyle,NaicsCode,NaicsDesc,YearStarted,SicDesc,DandbCompanyId,CustomerPriority__c,SLA__c,Active__c,NumberofLocations__c,UpsellOpportunity__c,SLASerialNumber__c,SLAExpirationDate__c,Sum_of_Opportunities__c,Potential_Value__c
001dM00000HE7HeQAL,False,,Edge Communications,Customer - Direct,,"312 Constitution Place
Austin, TX 78767
USA",Austin,TX,,,,,,"OrderedDict([('city', 'Austin'), ('country', None), ('geocodeAccuracy', None), ('latitude', None), ('longitude', None), ('postalCode', None), ('state', 'TX'), ('street', '312 Constitution Place\nAustin, TX 78767\nUSA')])","312 Constitution Place
Austin, TX 78767
USA",,,,,,,,"OrderedDict([('city', None), ('country', None), ('geocodeAccuracy', None), ('latitude', None), ('longitude', None), ('postalCode', None), ('state', None), ('street', '312 Constitution Place\nAustin, TX 78767\nUSA')])",(512) 757-6000,(512) 757-9000,CD451796,http://edgecomm.com,/services/images/photo/001dM00000HE7HeQAL,6576,Electronics,139000000.0,1000.0,Public,EDGE,Heritage Account,Hot,,005dM000004WE3FQAW,2024-07-10T05:50:30.000+0000,005dM000004WE3FQAW,2024-07-31T05:26:03.000+0000,005dM000004WE3FQAW,2024-07-31T05:26:03.000+0000,,2024-07-31T05:26:03.000+0000,2024-07-31T05:26:03.000+0000,,,Pending,,,,,,,,,Medium,Silver,Yes,2.0,Maybe,2657,2023-08-04,220000.0,220000.0
001dM00000HE7HfQAL,False,,Burlington Textiles Corp of America,Customer - Direct,,525 S. Lexington Ave,Burlington,NC,27215,USA,,,,"OrderedDict([('city', 'Burlington'), ('country', 'USA'), ('geocodeAccuracy', None), ('latitude', None), ('longitude', None), ('postalCode', '27215'), ('state', 'NC'), ('street', '525 S. Lexington Ave')])",,,,,,,,,,(336) 222-7000,(336) 222-8000,CD656092,www.burlington.com,/services/images/photo/001dM00000HE7HfQAL,546732,Apparel,350000000.0,9000.0,Public,BTXT,Heritage Account,Warm,,005dM000004WE3FQAW,2024-07-10T05:50:30.000+0000,005dM000004WE3FQAW,2024-07-31T05:26:03.000+0000,005dM000004WE3FQAW,2024-07-31T05:26:03.000+0000,,2024-07-31T10:21:45.000+0000,2024-07-31T10:21:45.000+0000,,,Pending,,,,,,,,,,Silver,,6.0,Maybe,5367,2023-08-04,235000.0,235000.0
001dM00000HE7HgQAL,False,,Pyramid Construction Inc.,Customer - Channel,,2 Place Jussieu,Paris,,75251,France,,,,"OrderedDict([('city', 'Paris'), ('country', 'France'), ('geocodeAccuracy', None), ('latitude', None), ('longitude', None), ('postalCode', '75251'), ('state', None), ('street', '2 Place Jussieu')])",2 Place Jussieu,Paris,,75251,France,,,,"OrderedDict([('city', 'Paris'), ('country', 'France'), ('geocodeAccuracy', None), ('latitude', None), ('longitude', None), ('postalCode', '75251'), ('state', None), ('street', '2 Place Jussieu')])",(014) 427-4427,(014) 427-4428,CC213425,www.pyramid.com,/services/images/photo/001dM00000HE7HgQAL,4253,Construction,950000000.0,2680.0,Public,PYR,Heritage Account,,,005dM000004WE3FQAW,2024-07-10T05:50:30.000+0000,005dM000004WE3FQAW,2024-07-31T05:26:03.000+0000,005dM000004WE3FQAW,2024-07-31T05:26:03.000+0000,,2024-07-31T05:26:03.000+0000,2024-07-31T05:26:03.000+0000,,,Pending,,,,,,,,,,Silver,Yes,17.0,Maybe,9840,2024-02-04,100000.0,100000.0
001dM00000HE7HhQAL,False,,Dickenson plc,Customer - Channel,,1301 Hoch Drive,Lawrence,KS,66045,USA,,,,"OrderedDict([('city', 'Lawrence'), ('country', 'USA'), ('geocodeAccuracy', None), ('latitude', None), ('longitude', None), ('postalCode', '66045'), ('state', 'KS'), ('street', '1301 Hoch Drive')])",1301 Hoch Drive,Lawrence,KS,66045,USA,,,,"OrderedDict([('city', 'Lawrence'), ('country', 'USA'), ('geocodeAccuracy', None), ('latitude', None), ('longitude', None), ('postalCode', '66045'), ('state', 'KS'), ('street', '1301 Hoch Drive')])",(785) 241-6200,(785) 241-6201,CC634267,dickenson-consulting.com,/services/images/photo/001dM00000HE7HhQAL,6752,Consulting,50000000.0,120.0,Private,,Heritage Account,,,005dM000004WE3FQAW,2024-07-10T05:50:30.000+0000,005dM000004WE3FQAW,2024-07-31T05:26:03.000+0000,005dM000004WE3FQAW,2024-07-31T05:26:03.000+0000,,2024-07-31T05:26:03.000+0000,2024-07-31T05:26:03.000+0000,,,Pending,,,,,,,,,Low,Bronze,Yes,2.0,No,7425,2024-02-04,15000.0,15000.0
001dM00000HE7HiQAL,False,,Grand Hotels & Resorts Ltd,Customer - Direct,,"2334 N. Michigan Avenue, Suite 1500
Chicago, IL 60601, USA",Chicago,IL,,,,,,"OrderedDict([('city', 'Chicago'), ('country', None), ('geocodeAccuracy', None), ('latitude', None), ('longitude', None), ('postalCode', None), ('state', 'IL'), ('street', '2334 N. Michigan Avenue, Suite 1500\nChicago, IL 60601, USA')])","2334 N. Michigan Avenue, Suite 1500
Chicago, IL 60601, USA",,,,,,,,"OrderedDict([('city', None), ('country', None), ('geocodeAccuracy', None), ('latitude', None), ('longitude', None), ('postalCode', None), ('state', None), ('street', '2334 N. Michigan Avenue, Suite 1500\nChicago, IL 60601, USA')])",(312) 596-1000,(312) 596-1500,CD439877,www.grandhotels.com,/services/images/photo/001dM00000HE7HiQAL,2268,Hospitality,500000000.0,5600.0,Public,GHTL,Heritage Account,Warm,,005dM000004WE3FQAW,2024-07-10T05:50:30.000+0000,005dM000004WE3FQAW,2024-07-31T05:26:03.000+0000,005dM000004WE3FQAW,2024-07-31T05:26:03.000+0000,,2024-07-31T05:26:03.000+0000,2024-07-31T05:26:03.000+0000,,,Pending,,,,,,,,,High,Gold,Yes,57.0,Yes,5572,2024-02-04,915000.0,915000.0
001dM00000HE7HjQAL,False,,United Oil & Gas Corp.,Customer - Direct,,"1301 Avenue of the Americas 
New York, NY 10019
USA",New York,NY,,,,,,"OrderedDict([('city', 'New York'), ('country', None), ('geocodeAccuracy', None), ('latitude', None), ('longitude', None), ('postalCode', None), ('state', 'NY'), ('street', '1301 Avenue of the Americas \nNew York, NY 10019\nUSA')])","1301 Avenue of the Americas 
New York, NY 10019
USA",,,,,,,,"OrderedDict([('city', None), ('country', None), ('geocodeAccuracy', None), ('latitude', None), ('longitude', None), ('postalCode', None), ('state', None), ('street', '1301 Avenue of the Americas \nNew York, NY 10019\nUSA')])",(212) 842-5500,(212) 842-5501,CD355118,http://www.uos.com,/services/images/photo/001dM00000HE7HjQAL,4437,Energy,5600000000.0,145000.0,Public,UOS,World's third largest oil and gas company.,Hot,,005dM000004WE3FQAW,2024-07-10T05:50:30.000+0000,005dM000004WE3FQAW,2024-07-10T05:50:30.000+0000,005dM000004WE3FQAW,2024-07-10T05:50:30.000+0000,,,,,,Pending,,,,,,,,,High,Platinum,Yes,955.0,Yes,6654,2024-02-04,3440000.0,3440000.0
001dM00000HE7HkQAL,False,,Express Logistics and Transport,Customer - Channel,,"620 SW 5th Avenue Suite 400
Portland, Oregon 97204
United States",Portland,OR,,,,,,"OrderedDict([('city', 'Portland'), ('country', None), ('geocodeAccuracy', None), ('latitude', None), ('longitude', None), ('postalCode', None), ('state', 'OR'), ('street', '620 SW 5th Avenue Suite 400\nPortland, Oregon 97204\nUnited States')])","620 SW 5th Avenue Suite 400
Portland, Oregon 97204
United States",,,,,,,,"OrderedDict([('city', None), ('country', None), ('geocodeAccuracy', None), ('latitude', None), ('longitude', None), ('postalCode', None), ('state', None), ('street', '620 SW 5th Avenue Suite 400\nPortland, Oregon 97204\nUnited States')])",(503) 421-7800,(503) 421-7801,CC947211,www.expressl&t.net,/services/images/photo/001dM00000HE7HkQAL,8742,Transportation,950000000.0,12300.0,Public,EXLT,Commerical logistics and transportation company.,Cold,,005dM000004WE3FQAW,2024-07-10T05:50:30.000+0000,005dM000004WE3FQAW,2024-07-10T05:50:30.000+0000,005dM000004WE3FQAW,2024-07-10T05:50:30.000+0000,,,,,,Pending,,,,,,,,,Medium,Platinum,Yes,150.0,Maybe,4724,2024-02-04,420000.0,420000.0
001dM00000HE7HlQAL,False,,University of Arizona,Customer - Direct,,"888 N Euclid 
Hallis Center, Room 501
Tucson, AZ 85721
United States",Tucson,AZ,,,,,,"OrderedDict([('city', 'Tucson'), ('country', None), ('geocodeAccuracy', None), ('latitude', None), ('longitude', None), ('postalCode', None), ('state', 'AZ'), ('street', '888 N Euclid \nHallis Center, Room 501\nTucson, AZ 85721\nUnited States')])","888 N Euclid 
Hallis Center, Room 501
Tucson, AZ 85721
United States",,,,,,,,"OrderedDict([('city', None), ('country', None), ('geocodeAccuracy', None), ('latitude', None), ('longitude', None), ('postalCode', None), ('state', None), ('street', '888 N Euclid \nHallis Center, Room 501\nTucson, AZ 85721\nUnited States')])",(520) 773-9050,(520) 773-9060,CD736025,www.universityofarizona.com,/services/images/photo/001dM00000HE7HlQAL,7321,Education,,39000.0,Other,,"Leading university in AZ offering undergraduate and graduate programs in arts and humanities, pure sciences, engineering, business, and medicine.",Warm,,005dM000004WE3FQAW,2024-07-10T05:50:30.000+0000,005dM000004WE3FQAW,2024-07-10T05:50:30.000+0000,005dM000004WE3FQAW,2024-07-10T05:50:30.000+0000,,,,,,Pending,,,,,,,,,Medium,Gold,Yes,3.0,Yes,8350,2023-08-04,240000.0,240000.0
001dM00000HE7HmQAL,False,,"United Oil & Gas, UK",Customer - Direct,,"Kings Park, 17th Avenue, Team Valley Trading Estate,
Gateshead, Tyne and Wear NE26 3HS
United Kingdom",,UK,,,,,,"OrderedDict([('city', None), ('country', None), ('geocodeAccuracy', None), ('latitude', None), ('longitude', None), ('postalCode', None), ('state', 'UK'), ('street', 'Kings Park, 17th Avenue, Team Valley Trading Estate,\nGateshead, Tyne and Wear NE26 3HS\nUnited Kingdom')])","Kings Park, 17th Avenue, Team Valley Trading Estate,
Gateshead, Tyne and Wear NE26 3HS
United Kingdom",,,,,,,,"OrderedDict([('city', None), ('country', None), ('geocodeAccuracy', None), ('latitude', None), ('longitude', None), ('postalCode', None), ('state', None), ('street', 'Kings Park, 17th Avenue, Team Valley Trading Estate,\nGateshead, Tyne and Wear NE26 3HS\nUnited Kingdom')])",+44 191 4956203,+44 191 4956620,CD355119-A,http://www.uos.com,/services/images/photo/001dM00000HE7HmQAL,4437,Energy,,24000.0,Public,UOS,,,,005dM000004WE3FQAW,2024-07-10T05:50:30.000+0000,005dM000004WE3FQAW,2024-07-10T05:50:30.000+0000,005dM000004WE3FQAW,2024-07-10T05:50:30.000+0000,,,,,,Pending,,,,,,,,,High,Platinum,Yes,34.0,No,3479,2023-08-04,0.0,0.0
001dM00000HE7HnQAL,False,,"United Oil & Gas, Singapore",Customer - Direct,,"9 Tagore Lane
Singapore, Singapore 787472
Singapore",Singapore,Singapore,,,,,,"OrderedDict([('city', 'Singapore'), ('country', None), ('geocodeAccuracy', None), ('latitude', None), ('longitude', None), ('postalCode', None), ('state', 'Singapore'), ('street', '9 Tagore Lane\nSingapore, Singapore 787472\nSingapore')])","9 Tagore Lane
Singapore, Singapore 787472
Singapore",,,,,,,,"OrderedDict([('city', None), ('country', None), ('geocodeAccuracy', None), ('latitude', None), ('longitude', None), ('postalCode', None), ('state', None), ('street', '9 Tagore Lane\nSingapore, Singapore 787472\nSingapore')])",(650) 450-8810,(650) 450-8820,CD355120-B,http://www.uos.com,/services/images/photo/001dM00000HE7HnQAL,4437,Energy,,3000.0,Public,UOS,,,,005dM000004WE3FQAW,2024-07-10T05:50:30.000+0000,005dM000004WE3FQAW,2024-07-10T05:50:30.000+0000,005dM000004WE3FQAW,2024-07-10T05:50:30.000+0000,,,,,,Pending,,,,,,,,,High,Platinum,Yes,6.0,Maybe,2457,2024-02-04,0.0,0.0
001dM00000HE7HoQAL,False,,GenePoint,Customer - Channel,,"345 Shoreline Park
Mountain View, CA 94043
USA",Mountain View,CA,,,,,,"OrderedDict([('city', 'Mountain View'), ('country', None), ('geocodeAccuracy', None), ('latitude', None), ('longitude', None), ('postalCode', None), ('state', 'CA'), ('street', '345 Shoreline Park\nMountain View, CA 94043\nUSA')])","345 Shoreline Park
Mountain View, CA 94043
USA",,,,,,,,"OrderedDict([('city', None), ('country', None), ('geocodeAccuracy', None), ('latitude', None), ('longitude', None), ('postalCode', None), ('state', None), ('street', '345 Shoreline Park\nMountain View, CA 94043\nUSA')])",(650) 867-3450,(650) 867-9895,CC978213,www.genepoint.com,/services/images/photo/001dM00000HE7HoQAL,3712,Biotechnology,30000000.0,265.0,Private,,Genomics company engaged in mapping and sequencing of the human genome and developing gene-based drugs,Cold,,005dM000004WE3FQAW,2024-07-10T05:50:30.000+0000,005dM000004WE3FQAW,2024-07-10T05:50:30.000+0000,005dM000004WE3FQAW,2024-07-10T05:50:30.000+0000,,2024-07-23T12:55:56.000+0000,2024-07-23T12:55:56.000+0000,,,Pending,,,,,,,,,Low,Bronze,Yes,1.0,Yes,7324,2024-02-04,175000.0,175000.0
001dM00000HE7HpQAL,False,,sForce,,,The Landmark @ One Market,San Francisco,CA,94087,US,,,,"OrderedDict([('city', 'San Francisco'), ('country', 'US'), ('geocodeAccuracy', None), ('latitude', None), ('longitude', None), ('postalCode', '94087'), ('state', 'CA'), ('street', 'The Landmark @ One Market')])",,,,,,,,,,(415) 901-7000,(415) 901-7002,,www.sforce.com,/services/images/photo/001dM00000HE7HpQAL,,,,,,,,,,005dM000004WE3FQAW,2024-07-10T05:50:30.000+0000,005dM000004WE3FQAW,2024-07-10T05:50:30.000+0000,005dM000004WE3FQAW,2024-07-10T05:50:30.000+0000,,,,,,Pending,,,,,,,,,,,,,,,,0.0,0.0
001dM00000HE7HqQAL,False,,Sample Account for Entitlements,,,,,,,,,,,,,,,,,,,,,,,,,/services/images/photo/001dM00000HE7HqQAL,,,,,,,,,,005dM000004WWvKQAW,2024-07-10T05:50:30.000+0000,005dM000004WWvKQAW,2024-07-10T05:50:30.000+0000,005dM000004WWvKQAW,2024-07-10T05:50:30.000+0000,,,,,,Pending,,,,,,,,,,,,,,,,0.0,0.0
001dM00000KKgytQAD,False,,Test 23072024,,,,,,,,,,,,,,,,,,,,,,,1234567h,,/services/images/photo/001dM00000KKgytQAD,,,,,,,,,,005dM000004WE3FQAW,2024-07-23T12:57:13.000+0000,005dM000004WE3FQAW,2024-07-23T12:57:13.000+0000,005dM000004WE3FQAW,2024-07-23T12:57:13.000+0000,,2024-07-24T08:55:39.000+0000,2024-07-24T08:55:39.000+0000,,,Pending,,,,,,,,,,,,,,,,0.0,0.0
001dM00000Lik4gQAB,False,,new account inserted,,,,,,,,,,,,,,,,,,,,,,,12345678,,/services/images/photo/001dM00000Lik4gQAB,,,,,,,,,,005dM000004WE3FQAW,2024-08-01T06:50:43.000+0000,005dM000004WE3FQAW,2024-08-12T09:56:30.000+0000,005dM000004WE3FQAW,2024-08-12T09:56:30.000+0000,,2024-08-12T10:27:17.000+0000,2024-08-12T10:27:17.000+0000,,,Pending,,,,,,,,,,,Yes,,,,,0.0,0.0
001dM00000TLMNAQA5,False,,Retail Account2,Prospect,,,,,,,,,,,,,,,,,,,,,,,,/services/images/photo/001dM00000TLMNAQA5,,,,,,,,,,005dM000004WE3FQAW,2024-09-09T06:32:46.000+0000,005dM000004WE3FQAW,2024-09-09T06:32:46.000+0000,005dM000004WE3FQAW,2024-09-09T06:32:46.000+0000,,2024-09-09T06:32:46.000+0000,2024-09-09T06:32:46.000+0000,,,Pending,,,,,,,,,,,,,,,,0.0,0.0
001dM00000TLSSEQA5,False,,Retail Account5,Prospect,,,,,,,,,,,,,,,,,,,,,,,,/services/images/photo/001dM00000TLSSEQA5,,,,,,,,,,005dM000004WE3FQAW,2024-09-09T06:32:15.000+0000,005dM000004WE3FQAW,2024-09-09T06:32:15.000+0000,005dM000004WE3FQAW,2024-09-09T06:32:15.000+0000,,2024-09-09T06:32:15.000+0000,2024-09-09T06:32:15.000+0000,,,Pending,,,,,,,,,,,,,,,,0.0,0.0
001dM00000TLrDWQA1,False,,Retail Account4,Prospect,,,,,,,,,,,,,,,,,,,,,,,,/services/images/photo/001dM00000TLrDWQA1,,,,,,,,,,005dM000004WE3FQAW,2024-09-09T06:32:15.000+0000,005dM000004WE3FQAW,2024-09-09T06:32:15.000+0000,005dM000004WE3FQAW,2024-09-09T06:32:15.000+0000,,2024-09-09T06:32:15.000+0000,2024-09-09T06:32:15.000+0000,,,Pending,,,,,,,,,,,,,,,,0.0,0.0
001dM00000TLwhrQAD,False,,Retail Account5,Prospect,,,,,,,,,,,,,,,,,,,,,,,,/services/images/photo/001dM00000TLwhrQAD,,,,,,,,,,005dM000004WE3FQAW,2024-09-09T09:49:53.000+0000,005dM000004WE3FQAW,2024-09-09T09:49:53.000+0000,005dM000004WE3FQAW,2024-09-09T09:49:53.000+0000,,2024-09-09T09:49:53.000+0000,2024-09-09T09:49:53.000+0000,,,Pending,,,,,,,,,,,,,,,,0.0,0.0
001dM00000TLxgPQAT,False,,Retail Account3,Prospect,,,,,,,,,,,,,,,,,,,,,,,,/services/images/photo/001dM00000TLxgPQAT,,,,,,,,,,005dM000004WE3FQAW,2024-09-09T06:32:15.000+0000,005dM000004WE3FQAW,2024-09-09T06:32:15.000+0000,005dM000004WE3FQAW,2024-09-09T06:32:15.000+0000,,2024-09-09T06:32:15.000+0000,2024-09-09T06:32:15.000+0000,,,Pending,,,,,,,,,,,,,,,,0.0,0.0
001dM00000TM9xFQAT,False,,Retail Account3,Prospect,,,,,,,,,,,,,,,,,,,,,,,,/services/images/photo/001dM00000TM9xFQAT,,,,,,,,,,005dM000004WE3FQAW,2024-09-09T06:32:47.000+0000,005dM000004WE3FQAW,2024-09-09T06:32:47.000+0000,005dM000004WE3FQAW,2024-09-09T06:32:47.000+0000,,2024-09-09T06:32:47.000+0000,2024-09-09T06:32:47.000+0000,,,Pending,,,,,,,,,,,,,,,,0.0,0.0
001dM00000TMAWIQA5,False,,Retail Account1,Prospect,,,,,,,,,,,,,,,,,,,,,,,,/services/images/photo/001dM00000TMAWIQA5,,,,,,,,,,005dM000004WE3FQAW,2024-09-09T06:32:46.000+0000,005dM000004WE3FQAW,2024-09-09T06:32:46.000+0000,005dM000004WE3FQAW,2024-09-09T06:32:46.000+0000,,2024-09-09T06:32:46.000+0000,2024-09-09T06:32:46.000+0000,,,Pending,,,,,,,,,,,,,,,,0.0,0.0
001dM00000TMAXtQAP,False,,Retail Account1,Prospect,,,,,,,,,,,,,,,,,,,,,,,,/services/images/photo/001dM00000TMAXtQAP,,,,,,,,,,005dM000004WE3FQAW,2024-09-09T06:32:13.000+0000,005dM000004WE3FQAW,2024-09-09T06:32:13.000+0000,005dM000004WE3FQAW,2024-09-09T06:32:13.000+0000,,2024-09-09T06:32:13.000+0000,2024-09-09T06:32:13.000+0000,,,Pending,,,,,,,,,,,,,,,,0.0,0.0
001dM00000TMAZVQA5,False,,Retail Account2,Prospect,,,,,,,,,,,,,,,,,,,,,,,,/services/images/photo/001dM00000TMAZVQA5,,,,,,,,,,005dM000004WE3FQAW,2024-09-09T06:32:14.000+0000,005dM000004WE3FQAW,2024-09-09T06:32:14.000+0000,005dM000004WE3FQAW,2024-09-09T06:32:14.000+0000,,2024-09-09T06:32:14.000+0000,2024-09-09T06:32:14.000+0000,,,Pending,,,,,,,,,,,,,,,,0.0,0.0
001dM00000TMB2XQAX,False,,Retail Account4,Prospect,,,,,,,,,,,,,,,,,,,,,,,,/services/images/photo/001dM00000TMB2XQAX,,,,,,,,,,005dM000004WE3FQAW,2024-09-09T06:32:47.000+0000,005dM000004WE3FQAW,2024-09-09T06:32:47.000+0000,005dM000004WE3FQAW,2024-09-09T06:32:47.000+0000,,2024-09-09T06:32:47.000+0000,2024-09-09T06:32:47.000+0000,,,Pending,,,,,,,,,,,,,,,,0.0,0.0
001dM00000TMBIfQAP,False,,Retail Account5,Prospect,,,,,,,,,,,,,,,,,,,,,,,,/services/images/photo/001dM00000TMBIfQAP,,,,,,,,,,005dM000004WE3FQAW,2024-09-09T06:32:47.000+0000,005dM000004WE3FQAW,2024-09-09T06:32:47.000+0000,005dM000004WE3FQAW,2024-09-09T06:32:47.000+0000,,2024-09-09T06:32:47.000+0000,2024-09-09T06:32:47.000+0000,,,Pending,,,,,,,,,,,,,,,,0.0,0.0
001dM00000TMDNxQAP,False,,Retail Account3,Prospect,,,,,,,,,,,,,,,,,,,,,,,,/services/images/photo/001dM00000TMDNxQAP,,,,,,,,,,005dM000004WE3FQAW,2024-09-09T09:08:53.000+0000,005dM000004WE3FQAW,2024-09-09T09:08:53.000+0000,005dM000004WE3FQAW,2024-09-09T09:08:53.000+0000,,2024-09-09T09:08:53.000+0000,2024-09-09T09:08:53.000+0000,,,Pending,,,,,,,,,,,,,,,,0.0,0.0
001dM00000TMyHnQAL,False,,Retail Account3,Prospect,,,,,,,,,,,,,,,,,,,,,,,,/services/images/photo/001dM00000TMyHnQAL,,,,,,,,,,005dM000004WE3FQAW,2024-09-09T09:03:57.000+0000,005dM000004WE3FQAW,2024-09-09T09:03:57.000+0000,005dM000004WE3FQAW,2024-09-09T09:03:57.000+0000,,2024-09-09T09:03:57.000+0000,2024-09-09T09:03:57.000+0000,,,Pending,,,,,,,,,,,,,,,,0.0,0.0
001dM00000TN1AqQAL,False,,Retail Account2,Prospect,,,,,,,,,,,,,,,,,,,,,,,,/services/images/photo/001dM00000TN1AqQAL,,,,,,,,,,005dM000004WE3FQAW,2024-09-09T09:08:53.000+0000,005dM000004WE3FQAW,2024-09-09T09:08:53.000+0000,005dM000004WE3FQAW,2024-09-09T09:08:53.000+0000,,2024-09-09T09:08:53.000+0000,2024-09-09T09:08:53.000+0000,,,Pending,,,,,,,,,,,,,,,,0.0,0.0
001dM00000TN1ArQAL,False,,Retail Account2,Prospect,,,,,,,,,,,,,,,,,,,,,,,,/services/images/photo/001dM00000TN1ArQAL,,,,,,,,,,005dM000004WE3FQAW,2024-09-09T09:10:13.000+0000,005dM000004WE3FQAW,2024-09-09T09:10:13.000+0000,005dM000004WE3FQAW,2024-09-09T09:10:13.000+0000,,2024-09-09T09:10:13.000+0000,2024-09-09T09:10:13.000+0000,,,Pending,,,,,,,,,,,,,,,,0.0,0.0
001dM00000TN4cLQAT,False,,Retail Account2,Prospect,,,,,,,,,,,,,,,,,,,,,,,,/services/images/photo/001dM00000TN4cLQAT,,,,,,,,,,005dM000004WE3FQAW,2024-09-09T09:03:57.000+0000,005dM000004WE3FQAW,2024-09-09T09:03:57.000+0000,005dM000004WE3FQAW,2024-09-09T09:03:57.000+0000,,2024-09-09T09:03:57.000+0000,2024-09-09T09:03:57.000+0000,,,Pending,,,,,,,,,,,,,,,,0.0,0.0
001dM00000TN4rqQAD,False,,Retail Account5,Prospect,,,,,,,,,,,,,,,,,,,,,,,,/services/images/photo/001dM00000TN4rqQAD,,,,,,,,,,005dM000004WE3FQAW,2024-09-09T09:51:40.000+0000,005dM000004WE3FQAW,2024-09-09T09:51:40.000+0000,005dM000004WE3FQAW,2024-09-09T09:51:40.000+0000,,2024-09-09T09:51:40.000+0000,2024-09-09T09:51:40.000+0000,,,Pending,,,,,,,,,,,,,,,,0.0,0.0
001dM00000TN7oVQAT,False,,Retail Account4,Prospect,,,,,,,,,,,,,,,,,,,,,,,,/services/images/photo/001dM00000TN7oVQAT,,,,,,,,,,005dM000004WE3FQAW,2024-09-09T09:03:57.000+0000,005dM000004WE3FQAW,2024-09-09T09:03:57.000+0000,005dM000004WE3FQAW,2024-09-09T09:03:57.000+0000,,2024-09-09T09:03:57.000+0000,2024-09-09T09:03:57.000+0000,,,Pending,,,,,,,,,,,,,,,,0.0,0.0
001dM00000TNAHKQA5,False,,Retail Account3,Prospect,,,,,,,,,,,,,,,,,,,,,,,,/services/images/photo/001dM00000TNAHKQA5,,,,,,,,,,005dM000004WE3FQAW,2024-09-09T09:15:38.000+0000,005dM000004WE3FQAW,2024-09-09T09:15:38.000+0000,005dM000004WE3FQAW,2024-09-09T09:15:38.000+0000,,2024-09-09T09:15:38.000+0000,2024-09-09T09:15:38.000+0000,,,Pending,,,,,,,,,,,,,,,,0.0,0.0
001dM00000TNAIxQAP,False,,Retail Account1,Prospect,,,,,,,,,,,,,,,,,,,,,,,,/services/images/photo/001dM00000TNAIxQAP,,,,,,,,,,005dM000004WE3FQAW,2024-09-09T09:02:25.000+0000,005dM000004WE3FQAW,2024-09-09T09:02:25.000+0000,005dM000004WE3FQAW,2024-09-09T09:02:25.000+0000,,2024-09-09T09:02:25.000+0000,2024-09-09T09:02:25.000+0000,,,Pending,,,,,,,,,,,,,,,,0.0,0.0
001dM00000TNEw5QAH,False,,Retail Account3,Prospect,,,,,,,,,,,,,,,,,,,,,,,,/services/images/photo/001dM00000TNEw5QAH,,,,,,,,,,005dM000004WE3FQAW,2024-09-09T09:09:13.000+0000,005dM000004WE3FQAW,2024-09-09T09:09:13.000+0000,005dM000004WE3FQAW,2024-09-09T09:09:13.000+0000,,2024-09-09T09:09:13.000+0000,2024-09-09T09:09:13.000+0000,,,Pending,,,,,,,,,,,,,,,,0.0,0.0
001dM00000TNHzMQAX,False,,Retail Account4,Prospect,,,,,,,,,,,,,,,,,,,,,,,,/services/images/photo/001dM00000TNHzMQAX,,,,,,,,,,005dM000004WE3FQAW,2024-09-09T09:08:54.000+0000,005dM000004WE3FQAW,2024-09-09T09:08:54.000+0000,005dM000004WE3FQAW,2024-09-09T09:08:54.000+0000,,2024-09-09T09:08:54.000+0000,2024-09-09T09:08:54.000+0000,,,Pending,,,,,,,,,,,,,,,,0.0,0.0
001dM00000TNKN8QAP,False,,Retail Account1,Prospect,,,,,,,,,,,,,,,,,,,,,,,,/services/images/photo/001dM00000TNKN8QAP,,,,,,,,,,005dM000004WE3FQAW,2024-09-09T09:15:37.000+0000,005dM000004WE3FQAW,2024-09-09T09:15:37.000+0000,005dM000004WE3FQAW,2024-09-09T09:15:37.000+0000,,2024-09-09T09:15:37.000+0000,2024-09-09T09:15:37.000+0000,,,Pending,,,,,,,,,,,,,,,,0.0,0.0
001dM00000TNLcZQAX,False,,Retail Account5,Prospect,,,,,,,,,,,,,,,,,,,,,,,,/services/images/photo/001dM00000TNLcZQAX,,,,,,,,,,005dM000004WE3FQAW,2024-09-09T09:03:58.000+0000,005dM000004WE3FQAW,2024-09-09T09:03:58.000+0000,005dM000004WE3FQAW,2024-09-09T09:03:58.000+0000,,2024-09-09T09:03:58.000+0000,2024-09-09T09:03:58.000+0000,,,Pending,,,,,,,,,,,,,,,,0.0,0.0
001dM00000TNMYeQAP,False,,Retail Account4,Prospect,,,,,,,,,,,,,,,,,,,,,,,,/services/images/photo/001dM00000TNMYeQAP,,,,,,,,,,005dM000004WE3FQAW,2024-09-09T09:10:14.000+0000,005dM000004WE3FQAW,2024-09-09T09:10:14.000+0000,005dM000004WE3FQAW,2024-09-09T09:10:14.000+0000,,2024-09-09T09:10:14.000+0000,2024-09-09T09:10:14.000+0000,,,Pending,,,,,,,,,,,,,,,,0.0,0.0
001dM00000TNUvzQAH,False,,Retail Account5,Prospect,,,,,,,,,,,,,,,,,,,,,,,,/services/images/photo/001dM00000TNUvzQAH,,,,,,,,,,005dM000004WE3FQAW,2024-09-09T09:10:14.000+0000,005dM000004WE3FQAW,2024-09-09T09:10:14.000+0000,005dM000004WE3FQAW,2024-09-09T09:10:14.000+0000,,2024-09-09T09:10:14.000+0000,2024-09-09T09:10:14.000+0000,,,Pending,,,,,,,,,,,,,,,,0.0,0.0
001dM00000TNWjGQAX,False,,Retail Account3,Prospect,,,,,,,,,,,,,,,,,,,,,,,,/services/images/photo/001dM00000TNWjGQAX,,,,,,,,,,005dM000004WE3FQAW,2024-09-09T09:02:26.000+0000,005dM000004WE3FQAW,2024-09-09T09:02:26.000+0000,005dM000004WE3FQAW,2024-09-09T09:02:26.000+0000,,2024-09-09T09:02:26.000+0000,2024-09-09T09:02:26.000+0000,,,Pending,,,,,,,,,,,,,,,,0.0,0.0
001dM00000TNWswQAH,False,,Retail Account1,Prospect,,,,,,,,,,,,,,,,,,,,,,,,/services/images/photo/001dM00000TNWswQAH,,,,,,,,,,005dM000004WE3FQAW,2024-09-09T09:03:56.000+0000,005dM000004WE3FQAW,2024-09-09T09:03:56.000+0000,005dM000004WE3FQAW,2024-09-09T09:03:56.000+0000,,2024-09-09T09:03:56.000+0000,2024-09-09T09:03:56.000+0000,,,Pending,,,,,,,,,,,,,,,,0.0,0.0
001dM00000TNXxEQAX,False,,Retail Account4,Prospect,,,,,,,,,,,,,,,,,,,,,,,,/services/images/photo/001dM00000TNXxEQAX,,,,,,,,,,005dM000004WE3FQAW,2024-09-09T09:15:39.000+0000,005dM000004WE3FQAW,2024-09-09T09:15:39.000+0000,005dM000004WE3FQAW,2024-09-09T09:15:39.000+0000,,2024-09-09T09:15:39.000+0000,2024-09-09T09:15:39.000+0000,,,Pending,,,,,,,,,,,,,,,,0.0,0.0
001dM00000TNY9yQAH,False,,Retail Account4,Prospect,,,,,,,,,,,,,,,,,,,,,,,,/services/images/photo/001dM00000TNY9yQAH,,,,,,,,,,005dM000004WE3FQAW,2024-09-09T09:02:27.000+0000,005dM000004WE3FQAW,2024-09-09T09:02:27.000+0000,005dM000004WE3FQAW,2024-09-09T09:02:27.000+0000,,2024-09-09T09:02:27.000+0000,2024-09-09T09:02:27.000+0000,,,Pending,,,,,,,,,,,,,,,,0.0,0.0
001dM00000TNZqpQAH,False,,Retail Account2,Prospect,,,,,,,,,,,,,,,,,,,,,,,,/services/images/photo/001dM00000TNZqpQAH,,,,,,,,,,005dM000004WE3FQAW,2024-09-09T09:15:38.000+0000,005dM000004WE3FQAW,2024-09-09T09:15:38.000+0000,005dM000004WE3FQAW,2024-09-09T09:15:38.000+0000,,2024-09-09T09:15:38.000+0000,2024-09-09T09:15:38.000+0000,,,Pending,,,,,,,,,,,,,,,,0.0,0.0
001dM00000TNadHQAT,False,,Retail Account3,Prospect,,,,,,,,,,,,,,,,,,,,,,,,/services/images/photo/001dM00000TNadHQAT,,,,,,,,,,005dM000004WE3FQAW,2024-09-09T09:49:53.000+0000,005dM000004WE3FQAW,2024-09-09T09:49:53.000+0000,005dM000004WE3FQAW,2024-09-09T09:49:53.000+0000,,2024-09-09T09:49:53.000+0000,2024-09-09T09:49:53.000+0000,,,Pending,,,,,,,,,,,,,,,,0.0,0.0
001dM00000TNaepQAD,False,,Retail Account1,Prospect,,,,,,,,,,,,,,,,,,,,,,,,/services/images/photo/001dM00000TNaepQAD,,,,,,,,,,005dM000004WE3FQAW,2024-09-09T09:09:13.000+0000,005dM000004WE3FQAW,2024-09-09T09:09:13.000+0000,005dM000004WE3FQAW,2024-09-09T09:09:13.000+0000,,2024-09-09T09:09:13.000+0000,2024-09-09T09:09:13.000+0000,,,Pending,,,,,,,,,,,,,,,,0.0,0.0
001dM00000TNbFtQAL,False,,Retail Account2,Prospect,,,,,,,,,,,,,,,,,,,,,,,,/services/images/photo/001dM00000TNbFtQAL,,,,,,,,,,005dM000004WE3FQAW,2024-09-09T09:02:26.000+0000,005dM000004WE3FQAW,2024-09-09T09:02:26.000+0000,005dM000004WE3FQAW,2024-09-09T09:02:26.000+0000,,2024-09-09T09:02:26.000+0000,2024-09-09T09:02:26.000+0000,,,Pending,,,,,,,,,,,,,,,,0.0,0.0
001dM00000TNbfhQAD,False,,Retail Account5,Prospect,,,,,,,,,,,,,,,,,,,,,,,,/services/images/photo/001dM00000TNbfhQAD,,,,,,,,,,005dM000004WE3FQAW,2024-09-09T09:02:27.000+0000,005dM000004WE3FQAW,2024-09-09T09:02:27.000+0000,005dM000004WE3FQAW,2024-09-09T09:02:27.000+0000,,2024-09-09T09:02:27.000+0000,2024-09-09T09:02:27.000+0000,,,Pending,,,,,,,,,,,,,,,,0.0,0.0
001dM00000TNcqJQAT,False,,Retail Account3,Prospect,,,,,,,,,,,,,,,,,,,,,,,,/services/images/photo/001dM00000TNcqJQAT,,,,,,,,,,005dM000004WE3FQAW,2024-09-09T09:10:13.000+0000,005dM000004WE3FQAW,2024-09-09T09:10:13.000+0000,005dM000004WE3FQAW,2024-09-09T09:10:13.000+0000,,2024-09-09T09:10:13.000+0000,2024-09-09T09:10:13.000+0000,,,Pending,,,,,,,,,,,,,,,,0.0,0.0
001dM00000TNdxeQAD,False,,Retail Account2,Prospect,,,,,,,,,,,,,,,,,,,,,,,,/services/images/photo/001dM00000TNdxeQAD,,,,,,,,,,005dM000004WE3FQAW,2024-09-09T09:09:13.000+0000,005dM000004WE3FQAW,2024-09-09T09:09:13.000+0000,005dM000004WE3FQAW,2024-09-09T09:09:13.000+0000,,2024-09-09T09:09:13.000+0000,2024-09-09T09:09:13.000+0000,,,Pending,,,,,,,,,,,,,,,,0.0,0.0
001dM00000TNeAwQAL,False,,Retail Account2,Prospect,,,,,,,,,,,,,,,,,,,,,,,,/services/images/photo/001dM00000TNeAwQAL,,,,,,,,,,005dM000004WE3FQAW,2024-09-09T09:49:52.000+0000,005dM000004WE3FQAW,2024-09-09T09:49:52.000+0000,005dM000004WE3FQAW,2024-09-09T09:49:52.000+0000,,2024-09-09T09:49:52.000+0000,2024-09-09T09:49:52.000+0000,,,Pending,,,,,,,,,,,,,,,,0.0,0.0
001dM00000TNf0AQAT,False,,Retail Account5,Prospect,,,,,,,,,,,,,,,,,,,,,,,,/services/images/photo/001dM00000TNf0AQAT,,,,,,,,,,005dM000004WE3FQAW,2024-09-09T09:09:14.000+0000,005dM000004WE3FQAW,2024-09-09T09:09:14.000+0000,005dM000004WE3FQAW,2024-09-09T09:09:14.000+0000,,2024-09-09T09:09:14.000+0000,2024-09-09T09:09:14.000+0000,,,Pending,,,,,,,,,,,,,,,,0.0,0.0
001dM00000TNgXJQA1,False,,Retail Account1,Prospect,,,,,,,,,,,,,,,,,,,,,,,,/services/images/photo/001dM00000TNgXJQA1,,,,,,,,,,005dM000004WE3FQAW,2024-09-09T09:08:53.000+0000,005dM000004WE3FQAW,2024-09-09T09:08:53.000+0000,005dM000004WE3FQAW,2024-09-09T09:08:53.000+0000,,2024-09-09T09:08:53.000+0000,2024-09-09T09:08:53.000+0000,,,Pending,,,,,,,,,,,,,,,,0.0,0.0
001dM00000TNgXKQA1,False,,Retail Account5,Prospect,,,,,,,,,,,,,,,,,,,,,,,,/services/images/photo/001dM00000TNgXKQA1,,,,,,,,,,005dM000004WE3FQAW,2024-09-09T09:08:54.000+0000,005dM000004WE3FQAW,2024-09-09T09:08:54.000+0000,005dM000004WE3FQAW,2024-09-09T09:08:54.000+0000,,2024-09-09T09:08:54.000+0000,2024-09-09T09:08:54.000+0000,,,Pending,,,,,,,,,,,,,,,,0.0,0.0
001dM00000TNgp3QAD,False,,Retail Account4,Prospect,,,,,,,,,,,,,,,,,,,,,,,,/services/images/photo/001dM00000TNgp3QAD,,,,,,,,,,005dM000004WE3FQAW,2024-09-09T09:09:14.000+0000,005dM000004WE3FQAW,2024-09-09T09:09:14.000+0000,005dM000004WE3FQAW,2024-09-09T09:09:14.000+0000,,2024-09-09T09:09:14.000+0000,2024-09-09T09:09:14.000+0000,,,Pending,,,,,,,,,,,,,,,,0.0,0.0
001dM00000TNh1xQAD,False,,Retail Account1,Prospect,,,,,,,,,,,,,,,,,,,,,,,,/services/images/photo/001dM00000TNh1xQAD,,,,,,,,,,005dM000004WE3FQAW,2024-09-09T09:10:13.000+0000,005dM000004WE3FQAW,2024-09-09T09:10:13.000+0000,005dM000004WE3FQAW,2024-09-09T09:10:13.000+0000,,2024-09-09T09:10:13.000+0000,2024-09-09T09:10:13.000+0000,,,Pending,,,,,,,,,,,,,,,,0.0,0.0
001dM00000TNkO1QAL,False,,Retail Account5,Prospect,,,,,,,,,,,,,,,,,,,,,,,,/services/images/photo/001dM00000TNkO1QAL,,,,,,,,,,005dM000004WE3FQAW,2024-09-09T09:15:39.000+0000,005dM000004WE3FQAW,2024-09-09T09:15:39.000+0000,005dM000004WE3FQAW,2024-09-09T09:15:39.000+0000,,2024-09-09T09:15:39.000+0000,2024-09-09T09:15:39.000+0000,,,Pending,,,,,,,,,,,,,,,,0.0,0.0
001dM00000TNtHYQA1,False,,Retail Account1,Prospect,,,,,,,,,,,,,,,,,,,,,,,,/services/images/photo/001dM00000TNtHYQA1,,,,,,,,,,005dM000004WE3FQAW,2024-09-09T09:53:27.000+0000,005dM000004WE3FQAW,2024-09-09T09:53:27.000+0000,005dM000004WE3FQAW,2024-09-09T09:53:27.000+0000,,2024-09-09T09:53:27.000+0000,2024-09-09T09:53:27.000+0000,,,Pending,,,,,,,,,,,,,,,,0.0,0.0
001dM00000TNwXIQA1,False,,Retail Account3,Prospect,,,,,,,,,,,,,,,,,,,,,,,,/services/images/photo/001dM00000TNwXIQA1,,,,,,,,,,005dM000004WE3FQAW,2024-09-09T09:51:39.000+0000,005dM000004WE3FQAW,2024-09-09T09:51:39.000+0000,005dM000004WE3FQAW,2024-09-09T09:51:39.000+0000,,2024-09-09T09:51:39.000+0000,2024-09-09T09:51:39.000+0000,,,Pending,,,,,,,,,,,,,,,,0.0,0.0
001dM00000TNwc7QAD,False,,Retail Account4,Prospect,,,,,,,,,,,,,,,,,,,,,,,,/services/images/photo/001dM00000TNwc7QAD,,,,,,,,,,005dM000004WE3FQAW,2024-09-09T09:51:39.000+0000,005dM000004WE3FQAW,2024-09-09T09:51:39.000+0000,005dM000004WE3FQAW,2024-09-09T09:51:39.000+0000,,2024-09-09T09:51:39.000+0000,2024-09-09T09:51:39.000+0000,,,Pending,,,,,,,,,,,,,,,,0.0,0.0
001dM00000TNylyQAD,False,,Retail Account4,Prospect,,,,,,,,,,,,,,,,,,,,,,,,/services/images/photo/001dM00000TNylyQAD,,,,,,,,,,005dM000004WE3FQAW,2024-09-09T09:53:28.000+0000,005dM000004WE3FQAW,2024-09-09T09:53:28.000+0000,005dM000004WE3FQAW,2024-09-09T09:53:28.000+0000,,2024-09-09T09:53:28.000+0000,2024-09-09T09:53:28.000+0000,,,Pending,,,,,,,,,,,,,,,,0.0,0.0
001dM00000TNzVmQAL,False,,Retail Account2,Prospect,,,,,,,,,,,,,,,,,,,,,,,,/services/images/photo/001dM00000TNzVmQAL,,,,,,,,,,005dM000004WE3FQAW,2024-09-09T09:53:27.000+0000,005dM000004WE3FQAW,2024-09-09T09:53:27.000+0000,005dM000004WE3FQAW,2024-09-09T09:53:27.000+0000,,2024-09-09T09:53:27.000+0000,2024-09-09T09:53:27.000+0000,,,Pending,,,,,,,,,,,,,,,,0.0,0.0
001dM00000TO3PQQA1,False,,Retail Account2,Prospect,,,,,,,,,,,,,,,,,,,,,,,,/services/images/photo/001dM00000TO3PQQA1,,,,,,,,,,005dM000004WE3FQAW,2024-09-09T09:51:39.000+0000,005dM000004WE3FQAW,2024-09-09T09:51:39.000+0000,005dM000004WE3FQAW,2024-09-09T09:51:39.000+0000,,2024-09-09T09:51:39.000+0000,2024-09-09T09:51:39.000+0000,,,Pending,,,,,,,,,,,,,,,,0.0,0.0
001dM00000TO4plQAD,False,,Retail Account1,Prospect,,,,,,,,,,,,,,,,,,,,,,,,/services/images/photo/001dM00000TO4plQAD,,,,,,,,,,005dM000004WE3FQAW,2024-09-09T09:49:52.000+0000,005dM000004WE3FQAW,2024-09-09T09:49:52.000+0000,005dM000004WE3FQAW,2024-09-09T09:49:52.000+0000,,2024-09-09T09:49:52.000+0000,2024-09-09T09:49:52.000+0000,,,Pending,,,,,,,,,,,,,,,,0.0,0.0
001dM00000TO4rNQAT,False,,Retail Account4,Prospect,,,,,,,,,,,,,,,,,,,,,,,,/services/images/photo/001dM00000TO4rNQAT,,,,,,,,,,005dM000004WE3FQAW,2024-09-09T09:49:53.000+0000,005dM000004WE3FQAW,2024-09-09T09:49:53.000+0000,005dM000004WE3FQAW,2024-09-09T09:49:53.000+0000,,2024-09-09T09:49:53.000+0000,2024-09-09T09:49:53.000+0000,,,Pending,,,,,,,,,,,,,,,,0.0,0.0
001dM00000TO5b6QAD,False,,Retail Account1,Prospect,,,,,,,,,,,,,,,,,,,,,,,,/services/images/photo/001dM00000TO5b6QAD,,,,,,,,,,005dM000004WE3FQAW,2024-09-09T09:51:38.000+0000,005dM000004WE3FQAW,2024-09-09T09:51:38.000+0000,005dM000004WE3FQAW,2024-09-09T09:51:38.000+0000,,2024-09-09T09:51:38.000+0000,2024-09-09T09:51:38.000+0000,,,Pending,,,,,,,,,,,,,,,,0.0,0.0
001dM00000TO6BeQAL,False,,Retail Account3,Prospect,,,,,,,,,,,,,,,,,,,,,,,,/services/images/photo/001dM00000TO6BeQAL,,,,,,,,,,005dM000004WE3FQAW,2024-09-09T09:53:28.000+0000,005dM000004WE3FQAW,2024-09-09T09:53:28.000+0000,005dM000004WE3FQAW,2024-09-09T09:53:28.000+0000,,2024-09-09T09:53:28.000+0000,2024-09-09T09:53:28.000+0000,,,Pending,,,,,,,,,,,,,,,,0.0,0.0
001dM00000TO6l7QAD,False,,Retail Account5,Prospect,,,,,,,,,,,,,,,,,,,,,,,,/services/images/photo/001dM00000TO6l7QAD,,,,,,,,,,005dM000004WE3FQAW,2024-09-09T09:53:28.000+0000,005dM000004WE3FQAW,2024-09-09T09:53:28.000+0000,005dM000004WE3FQAW,2024-09-09T09:53:28.000+0000,,2024-09-09T09:53:28.000+0000,2024-09-09T09:53:28.000+0000,,,Pending,,,,,,,,,,,,,,,,0.0,0.0
