Id,Name,DeveloperName,NamespacePrefix,SobjectType,IsSoqlCompatible,CreatedDate,CreatedById,LastModifiedDate,LastModifiedById,SystemModstamp,LastViewedDate,LastReferencedDate
00BdM000009ePuLUAU,Private Reports,PrivateReports,,Report,True,1720590630000,005dM000004WWvKQAW,1720590630000,005dM000004WWvKQAW,1720590630000,,
00BdM000009ePuPUAU,Created by Me,CreatedByMe,,Report,True,1720590630000,005dM000004WWvKQAW,1720590630000,005dM000004WWvKQAW,1720590630000,,
00BdM000009ePuQUAU,Public Reports,PublicReports,,Report,True,1720590630000,005dM000004WWvKQAW,1720590630000,005dM000004WWvKQAW,1720590630000,,
00BdM000009ePuRUAU,All Reports,AllReports,,Report,True,1720590630000,005dM000004WWvKQAW,1720590630000,005dM000004WWvKQAW,1720590630000,,
00BdM000009ePtqUAE,All Active Campaigns,AllActiveCampaigns,,Campaign,True,1720590630000,005dM000004WE3FQAW,1720590630000,005dM000004WE3FQAW,1720590630000,,
00BdM000009f4IpUAI,My Active Campaigns,MyActiveCampaigns,,Campaign,True,1720590630000,005dM000004WE3FQAW,1720590630000,005dM000004WE3FQAW,1720590630000,,
00BdM000009fHyzUAE,All,All,,Broker__c,True,1720591799000,005dM000004WE3FQAW,1720591799000,005dM000004WE3FQAW,1720591799000,,
00BdM000009fHz0UAE,All,All,,Property__c,True,1720591799000,005dM000004WE3FQAW,1720591799000,005dM000004WE3FQAW,1720591799000,,
00BdM000009fRryUAE,All,All,,Properti__c,True,1720596955000,005dM000004WE3FQAW,1720596955000,005dM000004WE3FQAW,1720596955000,,
00BdM000009hhVyUAI,All,All,,Offer__c,True,1720604403000,005dM000004WE3FQAW,1720604403000,005dM000004WE3FQAW,1720604403000,,
00BdM000009hpvsUAA,All,All,,Favorite__c,True,1720605237000,005dM000004WE3FQAW,1720605237000,005dM000004WE3FQAW,1720605237000,,
00BdM000009rQbyUAE,All,All,,Energy_Audit__c,True,1720675950000,005dM000004WE3FQAW,1720675950000,005dM000004WE3FQAW,1720675950000,1720701992000.0,1720701992000.0
00BdM00000BQC8sUAH,All,All,,Suggestion__c,True,1721713961000,005dM000004WE3FQAW,1721713961000,005dM000004WE3FQAW,1721713961000,1721715358000.0,1721715358000.0
00BdM00000BcS5TUAV,All,All,,Data_Type__c,True,1721885272000,005dM000004WE3FQAW,1721885272000,005dM000004WE3FQAW,1721885272000,,
00BdM00000C21E9UAJ,All Records,All,,House__c,True,1722320726000,005dM000004WE3FQAW,1722320739000,005dM000004WE3FQAW,1722320739000,1722323365000.0,1722323365000.0
00BdM000009f4JJUAY,All,AllAccountSharing,,,False,1720590630000,005dM000004WE3FQAW,1720590630000,005dM000004WE3FQAW,1720590630000,,
00BdM000009f4JzUAI,All,AllOppSharing,,,False,1720590630000,005dM000004WE3FQAW,1720590630000,005dM000004WE3FQAW,1720590630000,,
00BdM000009f4JxUAI,All,AllAccShareDetails,,,False,1720590630000,005dM000004WE3FQAW,1720590630000,005dM000004WE3FQAW,1720590630000,,
00BdM000009ePu4UAE,All Alternative Payment Methods,AlternativePaymentMethod,,AlternativePaymentMethod,True,1720590630000,005dM000004WWvLQAW,1720590630000,005dM000004WWvLQAW,1720590630000,,
00BdM000009f4H2UAI,All,All,,ApiAnomalyEventStore,True,1720590630000,005dM000004WWvKQAW,1720590630000,005dM000004WWvKQAW,1720590630000,1722326636000.0,1722326636000.0
00BdM000009f4JlUAI,All Assets,AllAssets,,Asset,True,1720590630000,005dM000004WE3FQAW,1720590630000,005dM000004WE3FQAW,1720590630000,,
00BdM000009f4H4UAI,All,AssetAction,,AssetAction,True,1720590630000,005dM000004WE3FQAW,1720590630000,005dM000004WE3FQAW,1720590630000,,
00BdM000009f4H5UAI,All,AssetActionSource,,AssetActionSource,True,1720590630000,005dM000004WE3FQAW,1720590630000,005dM000004WE3FQAW,1720590630000,,
00BdM000009f4H6UAI,All,AssetStatePeriod,,AssetStatePeriod,True,1720590630000,005dM000004WE3FQAW,1720590630000,005dM000004WE3FQAW,1720590630000,,
00BdM000009ePuSUAU,All Authorization Forms,All_AuthorizationForms,,AuthorizationForm,True,1720590630000,005dM000004WWvKQAW,1720590630000,005dM000004WWvKQAW,1720590630000,,
00BdM000009ePucUAE,All Authorization Form Consents,All_AuthorizationFormConsents,,AuthorizationFormConsent,True,1720590630000,005dM000004WWvKQAW,1720590630000,005dM000004WWvKQAW,1720590630000,,
00BdM000009ePudUAE,All Authorization Form Data Uses,All_AuthorizationFormDataUses,,AuthorizationFormDataUse,True,1720590630000,005dM000004WWvKQAW,1720590630000,005dM000004WWvKQAW,1720590630000,,
00BdM000009ePuaUAE,All Authorization Form Text,All_AuthorizationFormText,,AuthorizationFormText,True,1720590630000,005dM000004WWvKQAW,1720590630000,005dM000004WWvKQAW,1720590630000,,
00BdM000009ePuuUAE,All Missions,ALL_LIGHTNING_COMMUNITIES_MISSIONS,,BadgeMissionRule,True,1720590630000,005dM000004WE3FQAW,1720590630000,005dM000004WE3FQAW,1720590630000,,
00BdM000009f4HDUAY,All Workflow Services,All_Batch_Jobs,,BatchJob,True,1720590630000,005dM000004WWvLQAW,1720590630000,005dM000004WWvLQAW,1720590630000,,
00BdM000009f4HEUAY,All Tasks,All_Tasks,,BatchJobPart,True,1720590630000,005dM000004WWvLQAW,1720590630000,005dM000004WWvLQAW,1720590630000,,
00BdM000009f4HFUAY,All Failed Records,All_Failed_Records,,BatchJobPartFailedRecord,True,1720590630000,005dM000004WWvLQAW,1720590630000,005dM000004WWvLQAW,1720590630000,,
00BdM000009f4HCUAY,All Batch Job Definitions,All_Batch_Process_Job_Definitions,,BatchProcessJobDefView,True,1720590630000,005dM000004WWvLQAW,1720590630000,005dM000004WWvLQAW,1720590630000,,
00BdM000009f4HWUAY,All Business Brands,All_BusinessBrands,,BusinessBrand,True,1720590630000,005dM000004WWvLQAW,1720590630000,005dM000004WWvLQAW,1720590630000,,
00BdM000009ePvKUAU,My Buyer Groups,My_Buyer_Groups,,BuyerGroup,True,1720590630000,005dM000004WE3FQAW,1720590630000,005dM000004WE3FQAW,1720590630000,,
00BdM000009ePvLUAU,All Buyer Groups,All_Buyer_Groups,,BuyerGroup,True,1720590630000,005dM000004WE3FQAW,1720590630000,005dM000004WE3FQAW,1720590630000,,
00BdM000009f4IAUAY,All Buyer Group Related Objects,AllBuyerGroupRelatedObjects,,BuyerGroupRelatedObject,True,1720590630000,005dM000004WWvKQAW,1720590630000,005dM000004WWvKQAW,1720590630000,,
00BdM000009f4JdUAI,My Contacts,MyContacts,,,False,1720590630000,005dM000004WE3FQAW,1720590630000,005dM000004WE3FQAW,1720590630000,,
00BdM000009f4JoUAI,All Users,AllUsers,,,False,1720590630000,005dM000004WE3FQAW,1720590630000,005dM000004WE3FQAW,1720590630000,,
00BdM000009f4JyUAI,All,AllCalShareDetails,,,False,1720590630000,005dM000004WE3FQAW,1720590630000,005dM000004WE3FQAW,1720590630000,,
00BdM000009f4JIUAY,All,AllCampaignSharing,,,False,1720590630000,005dM000004WE3FQAW,1720590630000,005dM000004WE3FQAW,1720590630000,,
00BdM000009f4JuUAI,All,AllCampaignShareDetails,,,False,1720590630000,005dM000004WE3FQAW,1720590630000,005dM000004WE3FQAW,1720590630000,,
00BdM000009ePv6UAE,All Card Payment Methods,CardPaymentMethod,,CardPaymentMethod,True,1720590630000,005dM000004WE3FQAW,1720590630000,005dM000004WE3FQAW,1720590630000,,
00BdM000009f4JtUAI,All,AllcaseShareDetails,,,False,1720590630000,005dM000004WE3FQAW,1720590630000,005dM000004WE3FQAW,1720590630000,,
00BdM000009f4IKUAY,Active Groups,All_ChatterGroups,,CollaborationGroup,True,1720590630000,005dM000004WWvLQAW,1720590630000,005dM000004WWvLQAW,1720590630000,,
00BdM000009f4ILUAY,My Groups,My_ChatterGroups,,CollaborationGroup,True,1720590630000,005dM000004WWvLQAW,1720590630000,005dM000004WWvLQAW,1720590630000,,
00BdM000009f4IMUAY,My Archived Groups,My_ArchivedChatterGroups,,CollaborationGroup,True,1720590630000,005dM000004WWvLQAW,1720590630000,005dM000004WWvLQAW,1720590630000,,
00BdM000009f4INUAY,Recently Viewed Groups,My_RecentChatterGroups,,CollaborationGroup,True,1720590630000,005dM000004WWvLQAW,1720590630000,005dM000004WWvLQAW,1720590630000,,
00BdM000009f4KUUAY,All Clean Rules,CleanRule_AllCleanRules,,CleanRule,True,1720590630000,005dM000004WWvKQAW,1720590630000,005dM000004WWvKQAW,1720590630000,,
00BdM000009ePujUAE,All Communication Subscriptions,All_CommSubscriptions,,CommSubscription,True,1720590630000,005dM000004WWvKQAW,1720590630000,005dM000004WWvKQAW,1720590630000,,
00BdM000009ePuhUAE,All Communication Subscription Channel Types,All_CommSubscriptionChannelTypes,,CommSubscriptionChannelType,True,1720590630000,005dM000004WWvKQAW,1720590630000,005dM000004WWvKQAW,1720590630000,,
00BdM000009ePukUAE,All Communication Subscription Consents,All_CommSubscriptionConsents,,CommSubscriptionConsent,True,1720590630000,005dM000004WWvKQAW,1720590630000,005dM000004WWvKQAW,1720590630000,,
00BdM000009ePulUAE,All Communication Subscription Timings,All_CommSubscriptionTimings,,CommSubscriptionTiming,True,1720590630000,005dM000004WWvKQAW,1720590630000,005dM000004WWvKQAW,1720590630000,,
00BdM000009ePvMUAU,All Entitlement Policies,ALL_Entitlement_Policies,,CommerceEntitlementPolicy,True,1720590630000,005dM000004WE3FQAW,1720590630000,005dM000004WE3FQAW,1720590630000,,
00BdM000009f4GzUAI,My Entitlement Policies,My_Entitlement_Policies,,CommerceEntitlementPolicy,True,1720590630000,005dM000004WE3FQAW,1720590630000,005dM000004WE3FQAW,1720590630000,,
00BdM000009f4K7UAI,All,AllConShareDetails,,,False,1720590630000,005dM000004WE3FQAW,1720590630000,005dM000004WE3FQAW,1720590630000,,
00BdM000009ePuJUAU,All Consumption Schedules,All_ConsumptionSchedules,,ConsumptionSchedule,True,1720590630000,005dM000004WWvKQAW,1720590630000,005dM000004WWvKQAW,1720590630000,,
00BdM000009ePuKUAU,My Consumption Schedules,My_ConsumptionSchedules,,ConsumptionSchedule,True,1720590630000,005dM000004WWvKQAW,1720590630000,005dM000004WWvKQAW,1720590630000,,
00BdM000009f4IGUAY,All Contact Point Addresses,All_ContactPointAddresses,,ContactPointAddress,True,1720590630000,005dM000004WWvKQAW,1720590630000,005dM000004WWvKQAW,1720590630000,,
00BdM000009ePufUAE,All Contact Point Consents,All_ContactPointConsents,,ContactPointConsent,True,1720590630000,005dM000004WWvKQAW,1720590630000,005dM000004WWvKQAW,1720590630000,,
00BdM000009f4IEUAY,All Contact Point Emails,All_ContactPointEmails,,ContactPointEmail,True,1720590630000,005dM000004WWvKQAW,1720590630000,005dM000004WWvKQAW,1720590630000,,
00BdM000009f4IFUAY,All Contact Point Phones,All_ContactPointPhones,,ContactPointPhone,True,1720590630000,005dM000004WWvKQAW,1720590630000,005dM000004WWvKQAW,1720590630000,,
00BdM000009ePueUAE,All Contact Point Type Consents,All_ContactPointTypeConsents,,ContactPointTypeConsent,True,1720590630000,005dM000004WWvKQAW,1720590630000,005dM000004WWvKQAW,1720590630000,,
00BdM000009ePusUAE,All Contact Requests,All_ContactRequests,,ContactRequest,True,1720590630000,005dM000004WWvKQAW,1720590630000,005dM000004WWvKQAW,1720590630000,,
00BdM000009ePuvUAE,My Contact Requests,My_ContactRequests,,ContactRequest,True,1720590630000,005dM000004WWvKQAW,1720590630000,005dM000004WWvKQAW,1720590630000,,
00BdM000009ePuwUAE,Recently Viewed Contact Requests,My_RecentContactRequests,,ContactRequest,True,1720590630000,005dM000004WWvKQAW,1720590630000,005dM000004WWvKQAW,1720590630000,,
00BdM000009f4JEUAY,All,AllContactSharing,,,False,1720590630000,005dM000004WE3FQAW,1720590630000,005dM000004WE3FQAW,1720590630000,,
00BdM000009f4KCUAY,Owned by Me,OwnedContentDocuments,,ContentDocument,True,1720590630000,005dM000004WE3FQAW,1720590630000,005dM000004WE3FQAW,1720590630000,1720696112000.0,1720696112000.0
00BdM000009f4KDUAY,Recent,RecentlyViewedContentDocuments,,ContentDocument,True,1720590630000,005dM000004WE3FQAW,1720590630000,005dM000004WE3FQAW,1720590630000,1720696112000.0,1720696112000.0
00BdM000009f4KEUAY,Following,FollowedContentDocuments,,ContentDocument,True,1720590630000,005dM000004WE3FQAW,1720590630000,005dM000004WE3FQAW,1720590630000,1720696112000.0,1720696112000.0
00BdM000009f4KFUAY,Shared with Me,SharedWithMeContentDocuments,,ContentDocument,True,1720590630000,005dM000004WE3FQAW,1720590630000,005dM000004WE3FQAW,1720590630000,1720696112000.0,1720696112000.0
00BdM000009f4K9UAI,My Notes,OwnedContentNote,,ContentNote,True,1720590630000,005dM000004WE3FQAW,1720590630000,005dM000004WE3FQAW,1720590630000,,
00BdM000009f4KAUAY,Shared with Me,SharedWithMeContentNote,,ContentNote,True,1720590630000,005dM000004WE3FQAW,1720590630000,005dM000004WE3FQAW,1720590630000,,
00BdM000009ePu6UAE,All Coupons,ALL_Coupons,,Coupon,True,1720590630000,005dM000004WWvLQAW,1720590630000,005dM000004WWvLQAW,1720590630000,,
00BdM000009ePuoUAE,All,All,,CredentialStuffingEventStore,True,1720590630000,005dM000004WWvKQAW,1720590630000,005dM000004WWvKQAW,1720590630000,,
00BdM000009f4HRUAY,All Credit Memos,All,,CreditMemo,True,1720590630000,005dM000004WWvKQAW,1720590630000,005dM000004WWvKQAW,1720590630000,,
00BdM000009f4HSUAY,My Credit Memos,mine,,CreditMemo,True,1720590630000,005dM000004WWvKQAW,1720590630000,005dM000004WWvKQAW,1720590630000,,
00BdM000009f4HJUAY,All Crises,AllCrises,,Crisis,True,1720590630000,005dM000004WWvKQAW,1720590630000,005dM000004WWvKQAW,1720590630000,,
00BdM000009f4K2UAI,All,AllCustShareDetails,,,False,1720590630000,005dM000004WE3FQAW,1720590630000,005dM000004WE3FQAW,1720590630000,,
00BdM000009f4JrUAI,All Custom Report Types,All,,CustomReportType,True,1720590630000,005dM000004WE3FQAW,1720590630000,005dM000004WE3FQAW,1720590630000,,
00BdM000009f4K0UAI,All,AllCustomSharing,,,False,1720590630000,005dM000004WE3FQAW,1720590630000,005dM000004WE3FQAW,1720590630000,,
00BdM000009f4HPUAY,All Customers,All_Customers,,Customer,True,1720590630000,005dM000004WWvLQAW,1720590630000,005dM000004WWvLQAW,1720590630000,,
00BdM000009ePtyUAE,All Data Graphs,All_DataGraphs,,DataGraph,True,1720590630000,005dM000004WWvKQAW,1720590630000,005dM000004WWvKQAW,1720590630000,,
00BdM000009ePtzUAE,Recently Viewed Data Graphs,My_RecentDataGraphs,,DataGraph,True,1720590630000,005dM000004WWvKQAW,1720590630000,005dM000004WWvKQAW,1720590630000,,
00BdM000009ePu0UAE,Workspaces,All_DataQueryWorkspaces,,DataQueryWorkspace,True,1720590630000,005dM000004WWvKQAW,1720590630000,005dM000004WWvKQAW,1720590630000,,
00BdM000009ePu1UAE,Workspaces,My_DataQueryWorkspaces,,DataQueryWorkspace,True,1720590630000,005dM000004WWvKQAW,1720590630000,005dM000004WWvKQAW,1720590630000,,
00BdM000009ePu2UAE,Workspaces,My_RecentDataQueryWorkspaces,,DataQueryWorkspace,True,1720590630000,005dM000004WWvKQAW,1720590630000,005dM000004WWvKQAW,1720590630000,,
00BdM000009ePubUAE,All Data Use Legal Bases,All_DataUseLegalBases,,DataUseLegalBasis,True,1720590630000,005dM000004WWvKQAW,1720590630000,005dM000004WWvKQAW,1720590630000,,
00BdM000009ePugUAE,All Data Use Purposes,All_DataUsePurposes,,DataUsePurpose,True,1720590630000,005dM000004WWvKQAW,1720590630000,005dM000004WWvKQAW,1720590630000,,
00BdM000009f4JpUAI,All Conversion Rates,AllConversionRates,,DatedConversionRate,True,1720590630000,005dM000004WE3FQAW,1720590630000,005dM000004WE3FQAW,1720590630000,,
00BdM000009ePvFUAU,All External Managed Accounts,All_External_Managed_Accounts,,DelegatedAccount,True,1720590630000,005dM000004WE3FQAW,1720590630000,005dM000004WE3FQAW,1720590630000,,
00BdM000009ePvHUAU,Recently Viewed External Managed Accounts,Recently_Viewed_External_Managed_Accounts,,DelegatedAccount,True,1720590630000,005dM000004WE3FQAW,1720590630000,005dM000004WE3FQAW,1720590630000,,
00BdM000009ePvIUAU,My External Managed Accounts,My_External_Managed_Accounts,,DelegatedAccount,True,1720590630000,005dM000004WE3FQAW,1720590630000,005dM000004WE3FQAW,1720590630000,,
00BdM000009ePuXUAU,Org Recycle Bin,AllDeleteEvents,,DeleteEvent,True,1720590630000,005dM000004WWvLQAW,1720590630000,005dM000004WWvLQAW,1720590630000,,
00BdM000009ePuYUAU,My Recycle Bin,MyDeleteEvents,,DeleteEvent,True,1720590630000,005dM000004WWvLQAW,1720590630000,005dM000004WWvLQAW,1720590630000,,
00BdM000009ePv0UAE,All Digital Wallets,DigitalWallet,,DigitalWallet,True,1720590630000,005dM000004WE3FQAW,1720590630000,005dM000004WE3FQAW,1720590630000,,
00BdM000009f4JAUAY,All Approval Return Addresses,AllApprovalReturnAddresses,,EmailRoutingAddress,True,1720590630000,005dM000004WE3FQAW,1720590630000,005dM000004WE3FQAW,1720590630000,,
00BdM000009f4HKUAY,All Employees,AllEmployees,,Employee,True,1720590630000,005dM000004WWvKQAW,1720590630000,005dM000004WWvKQAW,1720590630000,,
00BdM000009f4HLUAY,Employees without User,EmployeesWithoutUser,,Employee,True,1720590630000,005dM000004WWvKQAW,1720590630000,005dM000004WWvKQAW,1720590630000,,
00BdM000009f4HGUAY, ,AllEmployeeAssets,,EmployeeAsset,True,1720590630000,005dM000004WWvKQAW,1720590630000,005dM000004WWvKQAW,1720590630000,,
00BdM000009f4HHUAY,My Employee Contacts,MyEmployeeContacts,,EmployeeContact,True,1720590630000,005dM000004WWvKQAW,1720590630000,005dM000004WWvKQAW,1720590630000,,
00BdM000009f4HNUAY,All Employee Crisis Assessments,AllEmployeeCrisisAssessments,,EmployeeCrisisAssessment,True,1720590630000,005dM000004WWvKQAW,1720590630000,005dM000004WWvKQAW,1720590630000,,
00BdM000009ePuiUAE,All Engagement Channel Types,All_EngagementChannelTypes,,EngagementChannelType,True,1720590630000,005dM000004WWvKQAW,1720590630000,005dM000004WWvKQAW,1720590630000,,
00BdM000009ePuEUAU,All Entitlements,All_Entitlements,,Entitlement,True,1720590630000,005dM000004WWvKQAW,1720590630000,005dM000004WWvKQAW,1720590630000,,
00BdM000009ePuGUAU,Today's Agenda,TodaysAgenda,,Event,True,1720590630000,005dM000004WE3FQAW,1720590630000,005dM000004WE3FQAW,1720590630000,,
00BdM000009ePuHUAU,My Upcoming Events,MyUpcomingEvents,,Event,True,1720590630000,005dM000004WE3FQAW,1720590630000,005dM000004WE3FQAW,1720590630000,,
00BdM000009ePuIUAU,My Team's Upcoming Events,MyTeamsUpcomingEvents,,Event,True,1720590630000,005dM000004WE3FQAW,1720590630000,005dM000004WE3FQAW,1720590630000,,
00BdM000009ePuMUAU,My Recent Events,MyRecentEvents,,Event,True,1720590630000,005dM000004WE3FQAW,1720590630000,005dM000004WE3FQAW,1720590630000,,
00BdM000009ePuNUAU,My Team's Recent Events,MyTeamsRecentEvents,,Event,True,1720590630000,005dM000004WE3FQAW,1720590630000,005dM000004WE3FQAW,1720590630000,,
00BdM000009ePuOUAU,New This Week,NewThisWeek,,Event,True,1720590630000,005dM000004WE3FQAW,1720590630000,005dM000004WE3FQAW,1720590630000,,
00BdM000009f4H0UAI,My Finance Balance Snapshots,mine,,FinanceBalanceSnapshot,True,1720590630000,005dM000004WWvKQAW,1720590630000,005dM000004WWvKQAW,1720590630000,,
00BdM000009f4H9UAI,All Finance Balance Snapshots,All,,FinanceBalanceSnapshot,True,1720590630000,005dM000004WWvKQAW,1720590630000,005dM000004WWvKQAW,1720590630000,,
00BdM000009f4H7UAI,All Finance Transactions,All,,FinanceTransaction,True,1720590630000,005dM000004WWvKQAW,1720590630000,005dM000004WWvKQAW,1720590630000,,
00BdM000009f4H8UAI,My Finance Transactions,mine,,FinanceTransaction,True,1720590630000,005dM000004WWvKQAW,1720590630000,005dM000004WWvKQAW,1720590630000,,
00BdM000009ePuZUAU,All Flows,All_Flows,,FlowDefinitionView,True,1720590630000,005dM000004WWvKQAW,1720590630000,005dM000004WWvKQAW,1720590630000,,
00BdM000009f4HOUAY,Triggered Flows,TriggeredFlows,,FlowDefinitionView,True,1720590630000,005dM000004WWvKQAW,1720590630000,005dM000004WWvKQAW,1720590630000,,
00BdM000009ePuTUAU,All Paused Flow Interviews,AllFlowInterviewsList,,FlowInterview,True,1720590630000,005dM000004WWvLQAW,1720590630000,005dM000004WWvLQAW,1720590630000,,
00BdM000009f4HQUAY,All Failed Flow Interviews,AllFailedFlowInterviews,,FlowInterview,True,1720590630000,005dM000004WWvLQAW,1720590630000,005dM000004WWvLQAW,1720590630000,,
00BdM000009f4HYUAY,All Orchestration Runs,All_Orchestration_Instances,,FlowOrchestrationInstance,True,1720590630000,005dM000004WWvKQAW,1720590630000,005dM000004WWvKQAW,1720590630000,,
00BdM000009f4HZUAY,All Open Work Items,ALL_Open_Work_Items,,FlowOrchestrationWorkItem,True,1720590630000,005dM000004WWvKQAW,1720590630000,005dM000004WWvKQAW,1720590630000,,
00BdM000009f4HaUAI,All Work Items,All_Work_Items,,FlowOrchestrationWorkItem,True,1720590630000,005dM000004WWvKQAW,1720590630000,005dM000004WWvKQAW,1720590630000,,
00BdM000009f4JvUAI,All,AllForecastSharing,,,False,1720590630000,005dM000004WE3FQAW,1720590630000,005dM000004WE3FQAW,1720590630000,,
00BdM000009f4K3UAI,All,AllForecastShareDetails,,,False,1720590630000,005dM000004WE3FQAW,1720590630000,005dM000004WE3FQAW,1720590630000,,
00BdM000009f4HXUAY,fct0Db410000008KFZCA2Amt1Qty0Quota1Pred1,fct0Db410000008KFZCA2Amt1Qty0Quota1Pred1,,ForecastingItemPivot,True,1720590630000,005dM000004WWvKQAW,1720590630000,005dM000004WWvKQAW,1720590630000,,
00BdM000009f4HbUAI,fct0Db410000008KFZCA2Amt1Qty0Quota0Pred0,fct0Db410000008KFZCA2Amt1Qty0Quota0Pred0,,ForecastingItemPivot,True,1720590630000,005dM000004WWvKQAW,1720590630000,005dM000004WWvKQAW,1720590630000,,
00BdM000009f4HcUAI,fct0Db410000008KFZCA2Amt1Qty0Quota1Pred0,fct0Db410000008KFZCA2Amt1Qty0Quota1Pred0,,ForecastingItemPivot,True,1720590630000,005dM000004WWvKQAW,1720590630000,005dM000004WWvKQAW,1720590630000,,
00BdM000009f4HdUAI,fct0Db410000008KFZCA2Amt1Qty0Quota0Pred1,fct0Db410000008KFZCA2Amt1Qty0Quota0Pred1,,ForecastingItemPivot,True,1720590630000,005dM000004WWvKQAW,1720590630000,005dM000004WWvKQAW,1720590630000,,
00BdM000009f4HeUAI,fct0Db410000008KFaCAMAmt0Qty1Quota0Pred0,fct0Db410000008KFaCAMAmt0Qty1Quota0Pred0,,ForecastingItemPivot,True,1720590630000,005dM000004WWvKQAW,1720590630000,005dM000004WWvKQAW,1720590630000,,
00BdM000009f4HfUAI,fct0Db410000008KFaCAMAmt0Qty1Quota1Pred0,fct0Db410000008KFaCAMAmt0Qty1Quota1Pred0,,ForecastingItemPivot,True,1720590630000,005dM000004WWvKQAW,1720590630000,005dM000004WWvKQAW,1720590630000,,
00BdM000009f4HgUAI,fct0Db410000008KFbCAMAmt1Qty0Quota0Pred0,fct0Db410000008KFbCAMAmt1Qty0Quota0Pred0,,ForecastingItemPivot,True,1720590630000,005dM000004WWvKQAW,1720590630000,005dM000004WWvKQAW,1720590630000,,
00BdM000009f4HhUAI,fct0Db410000008KFbCAMAmt1Qty0Quota1Pred0,fct0Db410000008KFbCAMAmt1Qty0Quota1Pred0,,ForecastingItemPivot,True,1720590630000,005dM000004WWvKQAW,1720590630000,005dM000004WWvKQAW,1720590630000,,
00BdM000009f4HiUAI,fct0Db410000008KFcCAMAmt0Qty1Quota0Pred0,fct0Db410000008KFcCAMAmt0Qty1Quota0Pred0,,ForecastingItemPivot,True,1720590630000,005dM000004WWvKQAW,1720590630000,005dM000004WWvKQAW,1720590630000,,
00BdM000009f4HjUAI,fct0Db410000008KFcCAMAmt0Qty1Quota1Pred0,fct0Db410000008KFcCAMAmt0Qty1Quota1Pred0,,ForecastingItemPivot,True,1720590630000,005dM000004WWvKQAW,1720590630000,005dM000004WWvKQAW,1720590630000,,
00BdM000009f4HkUAI,fct0Db41000003I27OCASAmt1Qty0Quota0Pred0,fct0Db41000003I27OCASAmt1Qty0Quota0Pred0,,ForecastingItemPivot,True,1720590630000,005dM000004WWvKQAW,1720590630000,005dM000004WWvKQAW,1720590630000,,
00BdM000009f4HlUAI,fct0Db41000003I27OCASAmt1Qty0Quota1Pred0,fct0Db41000003I27OCASAmt1Qty0Quota1Pred0,,ForecastingItemPivot,True,1720590630000,005dM000004WWvKQAW,1720590630000,005dM000004WWvKQAW,1720590630000,,
00BdM000009f4HmUAI,fct0Db41000003I27PCASAmt0Qty1Quota0Pred0,fct0Db41000003I27PCASAmt0Qty1Quota0Pred0,,ForecastingItemPivot,True,1720590630000,005dM000004WWvKQAW,1720590630000,005dM000004WWvKQAW,1720590630000,,
00BdM000009f4HnUAI,fct0Db41000003I27PCASAmt0Qty1Quota1Pred0,fct0Db41000003I27PCASAmt0Qty1Quota1Pred0,,ForecastingItemPivot,True,1720590630000,005dM000004WWvKQAW,1720590630000,005dM000004WWvKQAW,1720590630000,,
00BdM000009f4HoUAI,fct0Db41000003I27QCASAmt1Qty0Quota0Pred0,fct0Db41000003I27QCASAmt1Qty0Quota0Pred0,,ForecastingItemPivot,True,1720590630000,005dM000004WWvKQAW,1720590630000,005dM000004WWvKQAW,1720590630000,,
00BdM000009f4HpUAI,fct0Db41000003I27QCASAmt1Qty0Quota1Pred0,fct0Db41000003I27QCASAmt1Qty0Quota1Pred0,,ForecastingItemPivot,True,1720590630000,005dM000004WWvKQAW,1720590630000,005dM000004WWvKQAW,1720590630000,,
00BdM000009f4HqUAI,fct0Db41000003I27SCASAmt1Qty0Quota1Pred0,fct0Db41000003I27SCASAmt1Qty0Quota1Pred0,,ForecastingItemPivot,True,1720590630000,005dM000004WWvKQAW,1720590630000,005dM000004WWvKQAW,1720590630000,,
00BdM000009f4HrUAI,fct0Db41000003I27RCASAmt0Qty1Quota0Pred0,fct0Db41000003I27RCASAmt0Qty1Quota0Pred0,,ForecastingItemPivot,True,1720590630000,005dM000004WWvKQAW,1720590630000,005dM000004WWvKQAW,1720590630000,,
00BdM000009f4HsUAI,fct0Db41000003I27RCASAmt0Qty1Quota1Pred0,fct0Db41000003I27RCASAmt0Qty1Quota1Pred0,,ForecastingItemPivot,True,1720590630000,005dM000004WWvKQAW,1720590630000,005dM000004WWvKQAW,1720590630000,,
00BdM000009f4HtUAI,fct0Db41000003I27SCASAmt1Qty0Quota0Pred0,fct0Db41000003I27SCASAmt1Qty0Quota0Pred0,,ForecastingItemPivot,True,1720590630000,005dM000004WWvKQAW,1720590630000,005dM000004WWvKQAW,1720590630000,,
00BdM000009f4HuUAI,fct0Db41000003I27TCASAmt0Qty1Quota0Pred0,fct0Db41000003I27TCASAmt0Qty1Quota0Pred0,,ForecastingItemPivot,True,1720590630000,005dM000004WWvKQAW,1720590630000,005dM000004WWvKQAW,1720590630000,,
00BdM000009f4HvUAI,fct0Db41000003I27TCASAmt0Qty1Quota1Pred0,fct0Db41000003I27TCASAmt0Qty1Quota1Pred0,,ForecastingItemPivot,True,1720590630000,005dM000004WWvKQAW,1720590630000,005dM000004WWvKQAW,1720590630000,,
00BdM000009f4HwUAI,fct0Db41000003I27UCASAmt1Qty0Quota0Pred0,fct0Db41000003I27UCASAmt1Qty0Quota0Pred0,,ForecastingItemPivot,True,1720590630000,005dM000004WWvKQAW,1720590630000,005dM000004WWvKQAW,1720590630000,,
00BdM000009f4HxUAI,fct0Db41000003I27UCASAmt1Qty0Quota1Pred0,fct0Db41000003I27UCASAmt1Qty0Quota1Pred0,,ForecastingItemPivot,True,1720590630000,005dM000004WWvKQAW,1720590630000,005dM000004WWvKQAW,1720590630000,,
00BdM000009f4HyUAI,fct0Db41000003I27VCASAmt0Qty1Quota0Pred0,fct0Db41000003I27VCASAmt0Qty1Quota0Pred0,,ForecastingItemPivot,True,1720590630000,005dM000004WWvKQAW,1720590630000,005dM000004WWvKQAW,1720590630000,,
00BdM000009f4HzUAI,fct0Db41000003I27VCASAmt0Qty1Quota1Pred0,fct0Db41000003I27VCASAmt0Qty1Quota1Pred0,,ForecastingItemPivot,True,1720590630000,005dM000004WWvKQAW,1720590630000,005dM000004WWvKQAW,1720590630000,,
00BdM000009f4JKUAY,All,AllGroupMembers,,,False,1720590630000,005dM000004WE3FQAW,1720590630000,005dM000004WE3FQAW,1720590630000,,
00BdM000009ePu3UAE,All,GtwyProvPaymentMethodType,,GtwyProvPaymentMethodType,True,1720590630000,005dM000004WWvLQAW,1720590630000,005dM000004WWvLQAW,1720590630000,,
00BdM000009f4InUAI,All,All,,GuestUserAnomalyEventStore,True,1720590630000,005dM000004WWvKQAW,1720590630000,005dM000004WWvKQAW,1720590630000,,
00BdM000009f4ISUAY,Last 7 Days,Ideas_Last_7_Days,,Idea,True,1720590630000,,1720590630000,,1720590630000,,
00BdM000009ePuCUAU,All Incidents (Default),AllIncidentsDefault,,Incident,True,1720590630000,005dM000004WWvLQAW,1720590630000,005dM000004WWvLQAW,1720590630000,,
00BdM000009f4IHUAY,All Individuals,All_Individuals,,Individual,True,1720590630000,005dM000004WWvKQAW,1720590630000,005dM000004WWvKQAW,1720590630000,,
00BdM000009f4IIUAY,__MISSING LABEL__ PropertyFile - val InfoAuthRequestForm_AllInfoAuthRequestForms not found in section FilterNames,All_InfoAuthRequestForms,,InfoAuthRequestForm,True,1720590630000,005dM000004WWvKQAW,1720590630000,005dM000004WWvKQAW,1720590630000,,
00BdM000009f4JGUAY,All,AllInheritedRules,,,False,1720590630000,005dM000004WE3FQAW,1720590630000,005dM000004WE3FQAW,1720590630000,,
00BdM000009f4IOUAY,All Flows,All_Sparks,,InteractionLayoutDetail,True,1720590630000,005dM000004WE3FQAW,1720590630000,005dM000004WE3FQAW,1720590630000,,
00BdM000009f4IPUAY,Active Flows,Active_Sparks,,InteractionLayoutDetail,False,1720590630000,005dM000004WE3FQAW,1720590630000,005dM000004WE3FQAW,1720590630000,,
00BdM000009f4IQUAY,Inactive Flows,Inactive_Sparks,,InteractionLayoutDetail,False,1720590630000,005dM000004WE3FQAW,1720590630000,005dM000004WE3FQAW,1720590630000,,
00BdM000009f4IRUAY,Active Flows Using an Older Version,Out_Of_Date_Sparks,,InteractionLayoutDetail,False,1720590630000,005dM000004WE3FQAW,1720590630000,005dM000004WE3FQAW,1720590630000,,
00BdM000009f4ICUAY,All Interaction Related Accounts,All_InteractionRelatedAccounts,,InteractionRelatedAccount,True,1720590630000,005dM000004WWvKQAW,1720590630000,005dM000004WWvKQAW,1720590630000,,
00BdM000009f4IDUAY,Recently Viewed Interaction Related Accounts,My_RecentInteractionRelatedAccounts,,InteractionRelatedAccount,True,1720590630000,005dM000004WWvKQAW,1720590630000,005dM000004WWvKQAW,1720590630000,,
00BdM000009f4HMUAY,All Internal Organization Units,AllInternalOrganizationUnits,,InternalOrganizationUnit,True,1720590630000,005dM000004WWvKQAW,1720590630000,005dM000004WWvKQAW,1720590630000,,
00BdM000009f4HTUAY,All Invoices,All,,Invoice,True,1720590630000,005dM000004WWvKQAW,1720590630000,005dM000004WWvKQAW,1720590630000,,
00BdM000009f4HUUAY,My Invoices,mine,,Invoice,True,1720590630000,005dM000004WWvKQAW,1720590630000,005dM000004WWvKQAW,1720590630000,,
00BdM000009f4K5UAI,All,AllUserRoles,,UserRole,True,1720590630000,005dM000004WE3FQAW,1720590630000,005dM000004WE3FQAW,1720590630000,,
00BdM000009f4JNUAY,My Leads,MyLeads,,,False,1720590630000,005dM000004WE3FQAW,1720590630000,005dM000004WE3FQAW,1720590630000,,
00BdM000009f4JwUAI,All,AllLeadSharing,,,False,1720590630000,005dM000004WE3FQAW,1720590630000,005dM000004WE3FQAW,1720590630000,,
00BdM000009f4K8UAI,All,AllLeadShareDetails,,,False,1720590630000,005dM000004WE3FQAW,1720590630000,005dM000004WE3FQAW,1720590630000,,
00BdM000009f4HAUAY,All Legal Entities,All,,LegalEntity,True,1720590630000,005dM000004WWvKQAW,1720590630000,005dM000004WWvKQAW,1720590630000,,
00BdM000009f4HBUAY,My Legal Entities,mine,,LegalEntity,True,1720590630000,005dM000004WWvKQAW,1720590630000,005dM000004WWvKQAW,1720590630000,,
00BdM000009f4J3UAI,Active Mass Emails,ActiveMassEmails,,MassMail,True,1720590630000,005dM000004WE3FQAW,1720590630000,005dM000004WE3FQAW,1720590630000,,
00BdM000009f4JsUAI,All Mass Emails,AllMassEmails,,MassMail,True,1720590630000,005dM000004WE3FQAW,1720590630000,005dM000004WE3FQAW,1720590630000,,
00BdM000009ePuxUAE,All messaging channels,AllMessagingChannels,,MessagingChannel,True,1720590630000,005dM000004WWvLQAW,1720590630000,005dM000004WWvLQAW,1720590630000,,
00BdM000009f4JFUAY,All,AllCaseSharing,,,False,1720590630000,005dM000004WE3FQAW,1720590630000,005dM000004WE3FQAW,1720590630000,,
00BdM000009f4J1UAI,All Draft Orders,AllDraftOrders,,Order,True,1720590630000,005dM000004WE3FQAW,1720590630000,005dM000004WE3FQAW,1720590630000,,
00BdM000009f4J2UAI,All Activated Orders,AllActivatedOrders,,Order,True,1720590630000,005dM000004WE3FQAW,1720590630000,005dM000004WE3FQAW,1720590630000,,
00BdM000009f4JmUAI,All Orders,AllOrders,,Order,True,1720590630000,005dM000004WE3FQAW,1720590630000,005dM000004WE3FQAW,1720590630000,,
00BdM000009f4JBUAY,All Outbound Messages,AllOutboundMessages,,,False,1720590630000,005dM000004WE3FQAW,1720590630000,005dM000004WE3FQAW,1720590630000,,
00BdM000009f4K6UAI,All,AllOppShareDetails,,,False,1720590630000,005dM000004WE3FQAW,1720590630000,005dM000004WE3FQAW,1720590630000,,
00BdM000009ePurUAE,All,OrderPaymentSummary,,OrderPaymentSummary,True,1720590630000,005dM000004WE3FQAW,1720590630000,005dM000004WE3FQAW,1720590630000,,
00BdM000009ePv8UAE,All Order Summaries,all_order_summaries,,OrderSummary,True,1720590630000,005dM000004WWvKQAW,1720590630000,005dM000004WWvKQAW,1720590630000,,
00BdM000009ePumUAE,All Party Consents,All_PartyConsents,,PartyConsent,True,1720590630000,005dM000004WWvKQAW,1720590630000,005dM000004WWvKQAW,1720590630000,,
00BdM000009ePv5UAE,All Payments,Payment,,Payment,True,1720590630000,005dM000004WE3FQAW,1720590630000,005dM000004WE3FQAW,1720590630000,,
00BdM000009ePu5UAE,All Payment Authorization Adjustments,PaymentAuthAdjustment,,PaymentAuthAdjustment,True,1720590630000,005dM000004WWvLQAW,1720590630000,005dM000004WWvLQAW,1720590630000,,
00BdM000009ePv7UAE,All Payment Authorizations,PaymentAuthorization,,PaymentAuthorization,True,1720590630000,005dM000004WE3FQAW,1720590630000,005dM000004WE3FQAW,1720590630000,,
00BdM000009ePv2UAE,All Payment Gateways,PaymentGateway,,PaymentGateway,True,1720590630000,005dM000004WE3FQAW,1720590630000,005dM000004WE3FQAW,1720590630000,,
00BdM000009ePuyUAE,All Payment Gateway Logs,PaymentGatewayLog,,PaymentGatewayLog,True,1720590630000,005dM000004WE3FQAW,1720590630000,005dM000004WE3FQAW,1720590630000,,
00BdM000009ePv3UAE,All,PaymentGroup,,PaymentGroup,True,1720590630000,005dM000004WE3FQAW,1720590630000,005dM000004WE3FQAW,1720590630000,,
00BdM000009ePv4UAE,All,PaymentLineInvoice,,PaymentLineInvoice,True,1720590630000,005dM000004WE3FQAW,1720590630000,005dM000004WE3FQAW,1720590630000,,
00BdM000009f4JnUAI,Standard Price Book,StandardPriceBook,,PricebookEntry,False,1720590630000,005dM000004WE3FQAW,1720590630000,005dM000004WE3FQAW,1720590630000,,
00BdM000009f4JqUAI,Standard,Standard,,PricebookEntry,False,1720590630000,005dM000004WE3FQAW,1720590630000,005dM000004WE3FQAW,1720590630000,,
00BdM000009f4K4UAI,All,AllPricebookShareDetails,,,False,1720590630000,005dM000004WE3FQAW,1720590630000,005dM000004WE3FQAW,1720590630000,,
00BdM000009f4H3UAI,All Process Exceptions,all_process_exceptions,,ProcessException,True,1720590630000,005dM000004WWvKQAW,1720590630000,005dM000004WWvKQAW,1720590630000,,
00BdM000009f4JeUAI,All Products,AllProducts,,Product2,True,1720590630000,005dM000004WE3FQAW,1720590630000,005dM000004WE3FQAW,1720590630000,,
00BdM000009ePvDUAU,All Catalogs,All_Product_Catalogs_List_View,,ProductCatalog,True,1720590630000,005dM000004WE3FQAW,1720590630000,005dM000004WE3FQAW,1720590630000,,
00BdM000009ePvCUAU,All Categories,All_Product_Categories_List_View,,ProductCategory,True,1720590630000,005dM000004WE3FQAW,1720590630000,005dM000004WE3FQAW,1720590630000,,
00BdM000009ePvEUAU,Category Hierarchies,Org_ProductCategory_Hierarchy,,ProductCategory,True,1720590630000,005dM000004WE3FQAW,1720590630000,005dM000004WE3FQAW,1720590630000,,
00BdM000009f4IBUAY,All product relationship types,AllProductRelationshipTypes,,ProductRelationshipType,True,1720590630000,005dM000004WWvKQAW,1720590630000,005dM000004WWvKQAW,1720590630000,,
00BdM000009ePtuUAE,All Profiles,All_Profiles,,Profile,True,1720590630000,005dM000004WE3FQAW,1720590630000,005dM000004WE3FQAW,1720590630000,1721381739000.0,1721381739000.0
00BdM000009f4JHUAY,All,AllPublicGroups,,,False,1720590630000,005dM000004WE3FQAW,1720590630000,005dM000004WE3FQAW,1720590630000,,
00BdM000009f4IgUAI,My Stale Contacts,MyStaleContacts,,,False,1720590630000,005dM000004WE3FQAW,1720590630000,005dM000004WE3FQAW,1720590630000,,
00BdM000009ePtvUAE,All,AllQueues,,,False,1720590630000,005dM000004WE3FQAW,1720590630000,005dM000004WE3FQAW,1720590630000,,
00BdM000009f4IuUAI,My In Approval Contracts,MyInApprovalContracts,,Contract,True,1720590630000,005dM000004WE3FQAW,1720590630000,005dM000004WE3FQAW,1720590630000,,
00BdM000009f4IvUAI,All Activated Contracts,AllActivatedContracts,,Contract,True,1720590630000,005dM000004WE3FQAW,1720590630000,005dM000004WE3FQAW,1720590630000,,
00BdM000009f4IwUAI,My Draft Contracts,MyDraftContracts,,Contract,True,1720590630000,005dM000004WE3FQAW,1720590630000,005dM000004WE3FQAW,1720590630000,,
00BdM000009f4IxUAI,All Draft Contracts,AllDraftContracts,,Contract,True,1720590630000,005dM000004WE3FQAW,1720590630000,005dM000004WE3FQAW,1720590630000,,
00BdM000009f4IyUAI,All In Approval Contracts,AllInApprovalContracts,,Contract,True,1720590630000,005dM000004WE3FQAW,1720590630000,005dM000004WE3FQAW,1720590630000,,
00BdM000009f4IzUAI,My Activated Contracts,MyActivatedContracts,,Contract,True,1720590630000,005dM000004WE3FQAW,1720590630000,005dM000004WE3FQAW,1720590630000,,
00BdM000009f4JiUAI,All Contracts,AllContracts,,Contract,True,1720590630000,005dM000004WE3FQAW,1720590630000,005dM000004WE3FQAW,1720590630000,,
00BdM000009ePu8UAE,All Recommendations,All_Recommendations,,Recommendation,True,1720590630000,005dM000004WWvKQAW,1720590630000,005dM000004WWvKQAW,1720590630000,,
00BdM000009ePuzUAE,All Refunds,Refund,,Refund,True,1720590630000,005dM000004WE3FQAW,1720590630000,005dM000004WE3FQAW,1720590630000,,
00BdM000009ePv1UAE,All,RefundLinePayment,,RefundLinePayment,True,1720590630000,005dM000004WE3FQAW,1720590630000,005dM000004WE3FQAW,1720590630000,,
00BdM000009ePunUAE,All,All,,ReportAnomalyEventStore,True,1720590630000,005dM000004WWvKQAW,1720590630000,005dM000004WWvKQAW,1720590630000,,
00BdM000009ePv9UAE,All Sales Channel,all_sales_channel,,SalesChannel,True,1720590630000,005dM000004WWvKQAW,1720590630000,005dM000004WWvKQAW,1720590630000,,
00BdM000009f4KOUAY,All Scorecards,AllScorecards,,Scorecard,True,1720590630000,005dM000004WWvKQAW,1720590630000,005dM000004WWvKQAW,1720590630000,,
00BdM000009f4KPUAY,My Scorecards,MyScorecards,,Scorecard,True,1720590630000,005dM000004WWvKQAW,1720590630000,005dM000004WWvKQAW,1720590630000,,
00BdM000009f4KQUAY,Recently Viewed Scorecards,RecentlyViewedScorecards,,Scorecard,True,1720590630000,005dM000004WWvKQAW,1720590630000,005dM000004WWvKQAW,1720590630000,,
00BdM000009f4HVUAY,All Sellers,All_Sellers,,Seller,True,1720590630000,005dM000004WWvLQAW,1720590630000,005dM000004WWvLQAW,1720590630000,,
00BdM000009f4I8UAI,All Service Appointment Groups,All_ServiceAppointmentGroups,,ServiceAppointmentGroup,True,1720590630000,005dM000004WWvKQAW,1720590630000,005dM000004WWvKQAW,1720590630000,,
00BdM000009f4I9UAI,Recently Viewed Service Appointment Groups,My_RecentServiceAppointmentGroups,,ServiceAppointmentGroup,True,1720590630000,005dM000004WWvKQAW,1720590630000,005dM000004WWvKQAW,1720590630000,,
00BdM000009ePuFUAU,All Service Contracts,All_ServiceContracts,,ServiceContract,True,1720590630000,005dM000004WWvKQAW,1720590630000,005dM000004WWvKQAW,1720590630000,,
00BdM000009f4I4UAI,All Service Territory Relationships,All_ServiceTerritoryRelationships,,ServiceTerritoryRelationship,True,1720590630000,005dM000004WWvKQAW,1720590630000,005dM000004WWvKQAW,1720590630000,,
00BdM000009f4I5UAI,Recently Viewed Service Territory Relationships,My_RecentServiceTerritoryRelationships,,ServiceTerritoryRelationship,True,1720590630000,005dM000004WWvKQAW,1720590630000,005dM000004WWvKQAW,1720590630000,,
00BdM000009ePupUAE,All,All,,SessionHijackingEventStore,True,1720590630000,005dM000004WWvKQAW,1720590630000,005dM000004WWvKQAW,1720590630000,,
00BdM000009ePuDUAU,All Social Personas,AllSocialPersonas,,SocialPersona,True,1720590630000,005dM000004WWvLQAW,1720590630000,005dM000004WWvLQAW,1720590630000,,
00BdM000009f4ITUAY,All social posts,AllSocialPosts,,SocialPost,True,1720590630000,005dM000004WWvLQAW,1720590630000,005dM000004WWvLQAW,1720590630000,,
00BdM000009f4H1UAI,My Surveys,My Surveys,,Survey,True,1720590630000,005dM000004WE3FQAW,1720590630000,005dM000004WE3FQAW,1720590630000,,
00BdM000009f4JVUAY,My Cases,MyCases,,,False,1720590630000,005dM000004WE3FQAW,1720590630000,005dM000004WE3FQAW,1720590630000,,
00BdM000009f4KRUAY,Overdue Tasks,OverdueTasks,,Task,True,1720590630000,005dM000004WE3FQAW,1720590630000,005dM000004WE3FQAW,1720590630000,,
00BdM000009f4KVUAY,Open Tasks,OpenTasks,,Task,True,1720590630000,005dM000004WE3FQAW,1720590630000,005dM000004WE3FQAW,1720590630000,,
00BdM000009f4KWUAY,Today's Tasks,TodaysTasks,,Task,True,1720590630000,005dM000004WE3FQAW,1720590630000,005dM000004WE3FQAW,1720590630000,,
00BdM000009f4KXUAY,Delegated Tasks,DelegatedTasks,,Task,True,1720590630000,005dM000004WE3FQAW,1720590630000,005dM000004WE3FQAW,1720590630000,,
00BdM000009f4KYUAY,Recently Completed Tasks,CompletedTasks,,Task,True,1720590630000,005dM000004WE3FQAW,1720590630000,005dM000004WE3FQAW,1720590630000,,
00BdM000009f4KZUAY,Recurring Tasks,RecurringTasks,,Task,True,1720590630000,005dM000004WE3FQAW,1720590630000,005dM000004WE3FQAW,1720590630000,,
00BdM000009f4KaUAI,Unscheduled Tasks,UnscheduledTasks,,Task,True,1720590630000,005dM000004WE3FQAW,1720590630000,005dM000004WE3FQAW,1720590630000,,
00BdM000009f4K1UAI,All,AllTerritories,,Territory,True,1720590630000,005dM000004WE3FQAW,1720590630000,005dM000004WE3FQAW,1720590630000,,
00BdM000009ePuqUAE,All,All,,ThreatDetectionFeedback,True,1720590630000,005dM000004WWvKQAW,1720590630000,005dM000004WWvKQAW,1720590630000,,
00BdM000009ePu7UAE,All Content Topics,All_Content_Topic_Filter,,Topic,True,1720590630000,005dM000004WWvKQAW,1720590630000,005dM000004WWvKQAW,1720590630000,,
00BdM000009f4KbUAI,All Topics,All_Topics_Filter,,Topic,True,1720590630000,005dM000004WE3FQAW,1720590630000,005dM000004WE3FQAW,1720590630000,,
00BdM000009edsMUAQ,All My Record Labels,All_Record_Labels,,UserDefinedLabel,True,1720590749000,005dM000004WWvKQAW,1720590749000,005dM000004WWvKQAW,1720590749000,,
00BdM000009f4J0UAI,Active Users,ActiveUsers,,,False,1720590630000,005dM000004WE3FQAW,1720590630000,005dM000004WE3FQAW,1720590630000,,
00BdM000009f4JjUAI,All Workflow Rules,AllWorkflowRules,,WorkflowRule,True,1720590630000,005dM000004WE3FQAW,1720590630000,005dM000004WE3FQAW,1720590630000,,
00BdM000009f4J9UAI,All Workflow Field Updates,AllWorkflowFieldUpdates,,ActionFieldUpdate,True,1720590630000,005dM000004WE3FQAW,1720590630000,005dM000004WE3FQAW,1720590630000,,
00BdM000009ePvGUAU,All Active Carts,All_WebCarts,,WebCart,True,1720590630000,005dM000004WE3FQAW,1720590630000,005dM000004WE3FQAW,1720590630000,,
00BdM000009ePvJUAU,My Active Carts,Owned_WebCarts,,WebCart,True,1720590630000,005dM000004WE3FQAW,1720590630000,005dM000004WE3FQAW,1720590630000,,
00BdM000009ePvAUAU,All Stores,All_Commerce_Stores_Filter,,WebStore,True,1720590630000,005dM000004WE3FQAW,1720590630000,005dM000004WE3FQAW,1720590630000,,
00BdM000009ePvBUAU,All Store Configurations,All_Commerce_Store_Template_Filter,,WebStoreTemplate,True,1720590630000,005dM000004WE3FQAW,1720590630000,005dM000004WE3FQAW,1720590630000,,
00BdM000009ePutUAE,Recognition,ALL_LIGHTNING_COMMUNITIES_UNEARNED_BADGES,,WorkBadgeDefinition,True,1720590630000,005dM000004WE3FQAW,1720590630000,005dM000004WE3FQAW,1720590630000,,
00BdM000009f4HIUAY,All Work Contracts,AllWorkContracts,,WorkContract,True,1720590630000,005dM000004WWvKQAW,1720590630000,005dM000004WWvKQAW,1720590630000,,
00BdM000009f4KHUAY,All Feedback,All,,WorkFeedbackRequest,True,1720590630000,005dM000004WWvKQAW,1720590630000,005dM000004WWvKQAW,1720590630000,,
00BdM000009f4KIUAY,New Feedback Requests,NewRequests,,WorkFeedbackRequest,True,1720590630000,005dM000004WWvKQAW,1720590630000,005dM000004WWvKQAW,1720590630000,,
00BdM000009f4KJUAY,New Feedback Replies,NewReplies,,WorkFeedbackRequest,True,1720590630000,005dM000004WWvKQAW,1720590630000,005dM000004WWvKQAW,1720590630000,,
00BdM000009f4KKUAY,Feedback About Me,AboutMe,,WorkFeedbackRequest,True,1720590630000,005dM000004WWvKQAW,1720590630000,005dM000004WWvKQAW,1720590630000,,
00BdM000009f4KLUAY,Feedback About My Team,AboutMyTeam,,WorkFeedbackRequest,True,1720590630000,005dM000004WWvKQAW,1720590630000,005dM000004WWvKQAW,1720590630000,,
00BdM000009f4KMUAY,Feedback About Others,AboutOthers,,WorkFeedbackRequest,True,1720590630000,005dM000004WWvKQAW,1720590630000,005dM000004WWvKQAW,1720590630000,,
00BdM000009f4KSUAY,Feedback About Topics,AboutTopics,,WorkFeedbackRequest,True,1720590630000,005dM000004WWvKQAW,1720590630000,005dM000004WWvKQAW,1720590630000,,
00BdM000009f4KTUAY,Declined Feedback Requests,DeclinedRequests,,WorkFeedbackRequest,True,1720590630000,005dM000004WWvKQAW,1720590630000,005dM000004WWvKQAW,1720590630000,,
00BdM000009f4KBUAY,All Feedback Templates,All,,WorkFeedbackTemplate,True,1720590630000,005dM000004WWvKQAW,1720590630000,005dM000004WWvKQAW,1720590630000,,
00BdM000009ePu9UAE,All Work Orders,All_WorkOrders,,WorkOrder,True,1720590630000,005dM000004WWvLQAW,1720590630000,005dM000004WWvLQAW,1720590630000,,
00BdM000009ePuAUAU,My Work Orders,My_WorkOrders,,WorkOrder,True,1720590630000,005dM000004WWvLQAW,1720590630000,005dM000004WWvLQAW,1720590630000,,
00BdM000009ePuBUAU,Recently Viewed Work Orders,My_RecentWorkOrders,,WorkOrder,True,1720590630000,005dM000004WWvLQAW,1720590630000,005dM000004WWvLQAW,1720590630000,,
00BdM000009f4I1UAI,All Work Procedures,All_Workprocedures,,WorkProcedure,True,1720590630000,005dM000004WWvKQAW,1720590630000,005dM000004WWvKQAW,1720590630000,,
00BdM000009f4I2UAI,Recently Viewed Work Procedures,My_RecentWorkprocedures,,WorkProcedure,True,1720590630000,005dM000004WWvKQAW,1720590630000,005dM000004WWvKQAW,1720590630000,,
00BdM000009f4I0UAI,Recently Viewed Work Procedure Steps,My_RecentWorkProcedureSteps,,WorkProcedureStep,True,1720590630000,005dM000004WWvKQAW,1720590630000,005dM000004WWvKQAW,1720590630000,,
00BdM000009f4I3UAI,All Work Procedure Steps,All_WorkProcedureSteps,,WorkProcedureStep,True,1720590630000,005dM000004WWvKQAW,1720590630000,005dM000004WWvKQAW,1720590630000,,
00BdM000009f4I6UAI,All Work Type Extensions,All_WorkTypeExtensions,,WorkTypeExtension,True,1720590630000,005dM000004WWvKQAW,1720590630000,005dM000004WWvKQAW,1720590630000,,
00BdM000009f4I7UAI,Recently Viewed Work Type Extensions,My_RecentWorkTypeExtensions,,WorkTypeExtension,True,1720590630000,005dM000004WWvKQAW,1720590630000,005dM000004WWvKQAW,1720590630000,,
00BdM000009f4J8UAI,Items to Approve,ItemsToApprove,,ProcessInstanceWorkitem,True,1720590630000,005dM000004WE3FQAW,1720590630000,005dM000004WE3FQAW,1720590630000,,
00BdM000009f4JhUAI,All Tasks,AllWorkflowTasks,,ActionTask,True,1720590630000,005dM000004WE3FQAW,1720590630000,005dM000004WE3FQAW,1720590630000,,
00BdM000009f4JgUAI,All Email Alerts,AllWorkflowAlerts,,ActionEmail,True,1720590630000,005dM000004WE3FQAW,1720590630000,005dM000004WE3FQAW,1720590630000,,
00BdM000009f4JkUAI,All Users,AllUsers,,,False,1720590630000,005dM000004WE3FQAW,1720590630000,005dM000004WE3FQAW,1720590630000,,
00BdM000009f4J7UAI,All,All,,,False,1720590630000,005dM000004WE3FQAW,1720590630000,005dM000004WE3FQAW,1720590630000,,
00BdM000009f4IeUAI,New This Week,NewThisWeek,,Account,True,1720590630000,005dM000004WE3FQAW,1720590630000,005dM000004WE3FQAW,1720590630000,,
00BdM000009f4ImUAI,New Last Week,NewLastWeek,,Account,True,1720590630000,005dM000004WE3FQAW,1720590630000,005dM000004WE3FQAW,1720590630000,,
00BdM000009f4J6UAI,Platinum and Gold SLA Customers,PlatinumandGoldSLACustomers,,Account,True,1720590630000,005dM000004WE3FQAW,1720590630000,005dM000004WE3FQAW,1720590630000,,
00BdM000009f4JLUAY,Recently Viewed Accounts,RecentlyViewedAccounts,,Account,True,1720590630000,005dM000004WE3FQAW,1720590630000,005dM000004WE3FQAW,1720590630000,,
00BdM000009f4JMUAY,All Accounts,AllAccounts,,Account,True,1720590630000,005dM000004WE3FQAW,1722403700000,005dM000004WE3FQAW,1722403700000,1722403701000.0,1722403701000.0
00BdM000009f4JSUAY,My Accounts,MyAccounts,,Account,True,1720590630000,005dM000004WE3FQAW,1720590630000,005dM000004WE3FQAW,1720590630000,,
00BdM000009srADUAY,Channel Customers,Channel_Customers,,Account,True,1720682764000,005dM000004WE3FQAW,1720683244000,005dM000004WE3FQAW,1720683244000,1720683268000.0,1720683268000.0
00BdM000009t8UPUAY,High Probability Opportunities,High_Probability_Opportunities,,Account,True,1720684254000,005dM000004WE3FQAW,1720684254000,005dM000004WE3FQAW,1720684254000,1720684255000.0,1720684255000.0
00BdM000009ePtrUAE,All Contacts,AllContacts,,Contact,True,1720590630000,005dM000004WE3FQAW,1720590630000,005dM000004WE3FQAW,1720590630000,1720692940000.0,1720692940000.0
00BdM000009f4IYUAY,New Last Week,NewLastWeek,,Contact,True,1720590630000,005dM000004WE3FQAW,1720590630000,005dM000004WE3FQAW,1720590630000,1720692940000.0,1720692940000.0
00BdM000009f4IhUAI,New This Week,NewThisWeek,,Contact,True,1720590630000,005dM000004WE3FQAW,1720590630000,005dM000004WE3FQAW,1720590630000,1720692940000.0,1720692940000.0
00BdM000009f4IjUAI,Birthdays This Month,BirthdaysThisMonth,,Contact,True,1720590630000,005dM000004WE3FQAW,1720590630000,005dM000004WE3FQAW,1720590630000,1720692940000.0,1720692940000.0
00BdM000009f4JPUAY,Recently Viewed Contacts,RecentlyViewedContacts,,Contact,True,1720590630000,005dM000004WE3FQAW,1720590630000,005dM000004WE3FQAW,1720590630000,,
00BdM000009f4JaUAI,My Contacts,MyContacts,,Contact,True,1720590630000,005dM000004WE3FQAW,1720590630000,005dM000004WE3FQAW,1720590630000,1720692940000.0,1720692940000.0
00BdM000009f4IWUAY,All Reviewed Solutions,AllReviewedSolutions,,Solution,True,1720590630000,005dM000004WE3FQAW,1720590630000,005dM000004WE3FQAW,1720590630000,,
00BdM000009f4IkUAI,All Unreviewed Solutions,AllUnreviewedSolutions,,Solution,True,1720590630000,005dM000004WE3FQAW,1720590630000,005dM000004WE3FQAW,1720590630000,,
00BdM000009f4JXUAY,Most Commonly Used,MostCommonlyUsed,,Solution,False,1720590630000,005dM000004WE3FQAW,1720590630000,005dM000004WE3FQAW,1720590630000,,
00BdM000009f4JYUAY,Recently Viewed Solutions,RecentlyViewedSolutions,,Solution,True,1720590630000,005dM000004WE3FQAW,1720590630000,005dM000004WE3FQAW,1720590630000,,
00BdM000009ePtsUAE,All Open Leads,AllOpenLeads,,Lead,True,1720590630000,005dM000004WE3FQAW,1720590630000,005dM000004WE3FQAW,1720590630000,,
00BdM000009f4IcUAI,My Unread Leads,MyUnreadLeads,,Lead,True,1720590630000,005dM000004WE3FQAW,1720590630000,005dM000004WE3FQAW,1720590630000,,
00BdM000009f4IsUAI,Today's Leads,TodaysLeads,,Lead,True,1720590630000,005dM000004WE3FQAW,1720590630000,005dM000004WE3FQAW,1720590630000,,
00BdM000009f4J4UAI,View - Custom 2,ViewCustom2,,Lead,True,1720590630000,005dM000004WE3FQAW,1720590630000,005dM000004WE3FQAW,1720590630000,,
00BdM000009f4J5UAI,View - Custom 1,ViewCustom1,,Lead,True,1720590630000,005dM000004WE3FQAW,1720590630000,005dM000004WE3FQAW,1720590630000,,
00BdM000009f4JQUAY,Recently Viewed Leads,RecentlyViewedLeads,,Lead,True,1720590630000,005dM000004WE3FQAW,1720590630000,005dM000004WE3FQAW,1720590630000,,
00BdM000009ePttUAE,All Opportunities,AllOpportunities,,Opportunity,True,1720590630000,005dM000004WE3FQAW,1720684690000,005dM000004WE3FQAW,1720684690000,1720684761000.0,1720684761000.0
00BdM000009f4IVUAY,Closing This Month,ClosingThisMonth,,Opportunity,True,1720590630000,005dM000004WE3FQAW,1720590630000,005dM000004WE3FQAW,1720590630000,,
00BdM000009f4IaUAI,New Last Week,NewLastWeek,,Opportunity,True,1720590630000,005dM000004WE3FQAW,1720590630000,005dM000004WE3FQAW,1720590630000,,
00BdM000009f4IdUAI,Closing Next Month,ClosingNextMonth,,Opportunity,True,1720590630000,005dM000004WE3FQAW,1720590630000,005dM000004WE3FQAW,1720590630000,,
00BdM000009f4IiUAI,Private,Private,,Opportunity,True,1720590630000,005dM000004WE3FQAW,1720590630000,005dM000004WE3FQAW,1720590630000,,
00BdM000009f4IlUAI,New This Week,NewThisWeek,,Opportunity,True,1720590630000,005dM000004WE3FQAW,1720590630000,005dM000004WE3FQAW,1720590630000,,
00BdM000009f4ItUAI,Won,Won,,Opportunity,True,1720590630000,005dM000004WE3FQAW,1720590630000,005dM000004WE3FQAW,1720590630000,,
00BdM000009f4JZUAY,Recently Viewed Opportunities,RecentlyViewedOpportunities,,Opportunity,True,1720590630000,005dM000004WE3FQAW,1720590630000,005dM000004WE3FQAW,1720590630000,,
00BdM000009f4JcUAI,My Opportunities,MyOpportunities,,Opportunity,True,1720590630000,005dM000004WE3FQAW,1720590630000,005dM000004WE3FQAW,1720590630000,,
00BdM000009f4KGUAY,Opportunity Pipeline,Default_Opportunity_Pipeline,,Opportunity,True,1720590630000,005dM000004WE3FQAW,1720590630000,005dM000004WE3FQAW,1720590630000,,
00BdM000009sdYhUAI,High Probability Opportunities,High_Probability_Opportunities,,Opportunity,True,1720684777000,005dM000004WE3FQAW,1720684821000,005dM000004WE3FQAW,1720684821000,1720684822000.0,1720684822000.0
00BdM000009ePtwUAE,All Users,AllUsers,,User,True,1720590630000,005dM000004WE3FQAW,1720590630000,005dM000004WE3FQAW,1720590630000,1721296414000.0,1721296414000.0
00BdM000009f4IbUAI,Admin Users,AdminUsers,,User,True,1720590630000,005dM000004WE3FQAW,1720590630000,005dM000004WE3FQAW,1720590630000,,
00BdM000009f4IrUAI,Active Users,ActiveUsers,,User,True,1720590630000,005dM000004WE3FQAW,1720590630000,005dM000004WE3FQAW,1720590630000,,
00BdM000009f4IXUAY,All Closed Cases,AllClosedCases,,Case,True,1720590630000,005dM000004WE3FQAW,1720590630000,005dM000004WE3FQAW,1720590630000,,
00BdM000009f4IZUAY,All Open Cases,AllOpenCases,,Case,True,1720590630000,005dM000004WE3FQAW,1720590630000,005dM000004WE3FQAW,1720590630000,,
00BdM000009f4IfUAI,My Open Cases,MyOpenCases,,Case,True,1720590630000,005dM000004WE3FQAW,1720590630000,005dM000004WE3FQAW,1720590630000,,
00BdM000009f4JUUAY,Recently Viewed Cases,RecentlyViewedCases,,Case,True,1720590630000,005dM000004WE3FQAW,1720590630000,005dM000004WE3FQAW,1720590630000,,
00BdM000009f4JWUAY,My Cases,MyCases,,Case,True,1720590630000,005dM000004WE3FQAW,1720590630000,005dM000004WE3FQAW,1720590630000,1726147897000.0,1726147897000.0
00BdM000009f4JTUAY,All Forecasts,AllForecasts,,,False,1720590630000,005dM000004WE3FQAW,1720590630000,005dM000004WE3FQAW,1720590630000,,
00BdM000009f4JbUAI,My Forecasts,MyForecasts,,,False,1720590630000,005dM000004WE3FQAW,1720590630000,005dM000004WE3FQAW,1720590630000,,
00BdM000009f4JRUAY,All Notes,AllNotes,,Note,True,1720590630000,005dM000004WE3FQAW,1720590630000,005dM000004WE3FQAW,1720590630000,,
00BdM000009f4IoUAI,Upcoming Events,UpcomingEvents,,Activity,True,1720590630000,005dM000004WE3FQAW,1720590630000,005dM000004WE3FQAW,1720590630000,,
00BdM000009f4IqUAI,Today's Tasks,TodaysTasks,,Activity,True,1720590630000,005dM000004WE3FQAW,1720590630000,005dM000004WE3FQAW,1720590630000,,
00BdM000009f4JOUAY,My Activities,MyActivities,,Activity,True,1720590630000,005dM000004WE3FQAW,1720590630000,005dM000004WE3FQAW,1720590630000,,
00BdM000009f4JfUAI,All Activities,AllActivities,,Activity,True,1720590630000,005dM000004WE3FQAW,1720590630000,005dM000004WE3FQAW,1720590630000,,
00BdM000009ePuUUAU,Created by Me,CreatedByMe,,Dashboard,True,1720590630000,005dM000004WWvKQAW,1720590630000,005dM000004WWvKQAW,1720590630000,,
00BdM000009ePuVUAU,Private Dashboards,PrivateDashboards,,Dashboard,True,1720590630000,005dM000004WWvKQAW,1720590630000,005dM000004WWvKQAW,1720590630000,,
00BdM000009ePuWUAU,All Dashboards,AllDashboards,,Dashboard,True,1720590630000,005dM000004WWvKQAW,1720590630000,005dM000004WWvKQAW,1720590630000,,
00BdM000009f4KNUAY,View_00541000000mEeaAAE,View_00541000000mEeaAAE,,Report,True,1720590630000,005dM000004WE3FQAW,1720590630000,005dM000004WE3FQAW,1720590630000,1725876269000.0,1725876269000.0
00BdM000009ePtpUAE,SetupAppMenuItems,SetupAppMenuItems,,AppMenuItem,True,1720590630000,005dM000004WE3FQAW,1722321877000,005dM000004WE3FQAW,1722321877000,,
00BdM000009f74DUAQ,My Contacts,My_Contacts_005dM000004WE3FQAW_1720591929687,,Contact,True,1720591929000,005dM000004WE3FQAW,1720591929000,005dM000004WE3FQAW,1720591929000,1723458435000.0,1723458435000.0
00BdM000009f74EUAQ,My Important Contacts,My_Important_Contacts_005dM000004WE3FQAW_1720591929716,,Contact,True,1720591929000,005dM000004WE3FQAW,1720591929000,005dM000004WE3FQAW,1720591929000,1720591929000.0,1720591929000.0
