Id,Action,Section,CreatedDate,CreatedById,Display,DelegateUser,ResponsibleNamespacePrefix,CreatedByContext,CreatedByIssuer
0YmdM0000048ALgSAM,secureGuestUserRecordAccessEnabled,Sharing Defaults,1720590750000,005dM000004WE3FQAW,Enabled Secure Guest User Record Access,,,,
0YmdM0000048ALhSAM,value_CASE_FEEDS_JOB_STATUS,,1720590750000,005dM000004WE3FQAW,Case Feeds Job Status,,,,
0YmdM0000048ALiSAM,value_CASE_FEEDS_PROCESSING_STATE,,1720590750000,005dM000004WE3FQAW,Case Feeds Processing State,,,,
0YmdM0000048ALjSAM,externalSharingModelEnabled,Sharing Defaults,1720590768000,005dM000004WE3FQAW,Enabled External Sharing Model,,,,
0YmdM0000048ALkSAM,inviteCsnUserEnabledOnOff,,1720590845000,005dM000004WE3FQAW,Organization setup action: inviteCsnUserEnabledOnOff has changed.,,,,
0YmdM0000048EAhSAM,createdCF,Customize Contacts,1720592219000,005dM000004WE3FQAW,Created custom field: Prequalified? (Checkbox),,,,
0YmdM0000048EAiSAM,contactlayout,Customize Contacts,1720592219000,005dM000004WE3FQAW,Changed Contact page layout Contact (Marketing) Layout,,,,
0YmdM0000048EAjSAM,contactlayout,Customize Contacts,1720592219000,005dM000004WE3FQAW,Changed Contact page layout Contact (Sales) Layout,,,,
0YmdM0000048EAkSAM,contactlayout,Customize Contacts,1720592219000,005dM000004WE3FQAW,Changed Contact page layout Contact (Support) Layout,,,,
0YmdM0000048EAlSAM,contactlayout,Customize Contacts,1720592219000,005dM000004WE3FQAW,Changed Contact page layout Contact Layout,,,,
0YmdM0000048Ha3SAE,createdCustEnt,Custom Objects,1720596876000,005dM000004WE3FQAW,Created custom object: Properti,,,,
0YmdM0000048K2oSAE,createdStaticResource,Static Resource,1720591796000,005dM000004WE3FQAW,Created Static Resource leaflet,,,,
0YmdM0000048K2pSAE,createdStaticResource,Static Resource,1720591796000,005dM000004WE3FQAW,Created Static Resource sample_data_brokers,,,,
0YmdM0000048K2qSAE,createdStaticResource,Static Resource,1720591796000,005dM000004WE3FQAW,Created Static Resource sample_data_contacts,,,,
0YmdM0000048K2rSAE,createdStaticResource,Static Resource,1720591796000,005dM000004WE3FQAW,Created Static Resource sample_data_properties,,,,
0YmdM0000048K2sSAE,createdLightningWebComponent,Lightning Components,1720591796000,005dM000004WE3FQAW,Created barcodeScanner Lightning Web Component,,,,
0YmdM0000048K2tSAE,createdLightningWebComponent,Lightning Components,1720591796000,005dM000004WE3FQAW,Created brokerCard Lightning Web Component,,,,
0YmdM0000048K2uSAE,createdLightningWebComponent,Lightning Components,1720591796000,005dM000004WE3FQAW,Created daysOnMarket Lightning Web Component,,,,
0YmdM0000048K2vSAE,createdLightningWebComponent,Lightning Components,1720591796000,005dM000004WE3FQAW,Created errorPanel Lightning Web Component,,,,
0YmdM0000048K2wSAE,createdLightningWebComponent,Lightning Components,1720591796000,005dM000004WE3FQAW,Created ldsUtils Lightning Web Component,,,,
0YmdM0000048K2xSAE,createdLightningWebComponent,Lightning Components,1720591796000,005dM000004WE3FQAW,Created navigateToRecord Lightning Web Component,,,,
0YmdM0000048K2ySAE,createdLightningWebComponent,Lightning Components,1720591796000,005dM000004WE3FQAW,Created paginator Lightning Web Component,,,,
0YmdM0000048K2zSAE,createdLightningWebComponent,Lightning Components,1720591796000,005dM000004WE3FQAW,Created propertyCarousel Lightning Web Component,,,,
0YmdM0000048K30SAE,createdLightningWebComponent,Lightning Components,1720591796000,005dM000004WE3FQAW,Created propertyFilter Lightning Web Component,,,,
0YmdM0000048K31SAE,createdLightningWebComponent,Lightning Components,1720591796000,005dM000004WE3FQAW,Created propertyLocation Lightning Web Component,,,,
0YmdM0000048K32SAE,createdLightningWebComponent,Lightning Components,1720591796000,005dM000004WE3FQAW,Created propertyMap Lightning Web Component,,,,
0YmdM0000048K33SAE,createdLightningWebComponent,Lightning Components,1720591796000,005dM000004WE3FQAW,Created propertySummary Lightning Web Component,,,,
0YmdM0000048K34SAE,createdLightningWebComponent,Lightning Components,1720591796000,005dM000004WE3FQAW,Created propertyTile Lightning Web Component,,,,
0YmdM0000048K35SAE,createdLightningWebComponent,Lightning Components,1720591796000,005dM000004WE3FQAW,Created propertyTileList Lightning Web Component,,,,
0YmdM0000048K36SAE,createdLightningWebComponent,Lightning Components,1720591796000,005dM000004WE3FQAW,Created sampleDataImporter Lightning Web Component,,,,
0YmdM0000048K37SAE,createdAuraComponent,Lightning Components,1720591797000,005dM000004WE3FQAW,Created pageTemplate_2_7_3 Aura Component,,,,
0YmdM0000048K38SAE,createdAuraComponent,Lightning Components,1720591797000,005dM000004WE3FQAW,Created auraPropertyListMap Aura Component,,,,
0YmdM0000048K39SAE,createdCustEnt,Custom Objects,1720591797000,005dM000004WE3FQAW,Created custom object: Broker,,,,
0YmdM0000048K3ASAU,createdCustEnt,Custom Objects,1720591797000,005dM000004WE3FQAW,Created custom object: Property,,,,
0YmdM0000048K3BSAU,createdCFCustom,Custom Objects,1720591798000,005dM000004WE3FQAW,Created custom field Broker Id (Number) on Brokers,,,,
0YmdM0000048K3CSAU,createdCFCustom,Custom Objects,1720591798000,005dM000004WE3FQAW,Created custom field Email (Email) on Brokers,,,,
0YmdM0000048K3DSAU,createdCFCustom,Custom Objects,1720591798000,005dM000004WE3FQAW,Created custom field Mobile Phone (Phone) on Brokers,,,,
0YmdM0000048K3ESAU,createdCFCustom,Custom Objects,1720591798000,005dM000004WE3FQAW,Created custom field Phone (Phone) on Brokers,,,,
0YmdM0000048K3FSAU,createdCFCustom,Custom Objects,1720591798000,005dM000004WE3FQAW,Created custom field Picture (URL) on Brokers,,,,
0YmdM0000048K3GSAU,createdCFCustom,Custom Objects,1720591798000,005dM000004WE3FQAW,Created custom field Title (Text) on Brokers,,,,
0YmdM0000048K3HSAU,createdCFCustom,Custom Objects,1720591798000,005dM000004WE3FQAW,Created custom field Address (Text) on Properties,,,,
0YmdM0000048K3ISAU,createdCFCustom,Custom Objects,1720591798000,005dM000004WE3FQAW,Created custom field Assessed Value (Currency) on Properties,,,,
0YmdM0000048K3JSAU,createdCFCustom,Custom Objects,1720591798000,005dM000004WE3FQAW,Created custom field Baths (Number) on Properties,,,,
0YmdM0000048K3KSAU,createdCFCustom,Custom Objects,1720591798000,005dM000004WE3FQAW,Created custom field Beds (Number) on Properties,,,,
0YmdM0000048K3LSAU,createdCFLookupCustom,Custom Objects,1720591798000,005dM000004WE3FQAW,Created custom lookup relationship Broker (Broker) on Properties,,,,
0YmdM0000048K3MSAU,createdCFCustom,Custom Objects,1720591798000,005dM000004WE3FQAW,Created custom field City (Text) on Properties,,,,
0YmdM0000048K3NSAU,createdCFCustom,Custom Objects,1720591798000,005dM000004WE3FQAW,Created custom field Date Agreement (Date) on Properties,,,,
0YmdM0000048K3OSAU,createdCFCustom,Custom Objects,1720591798000,005dM000004WE3FQAW,Created custom field Date Closed (Date) on Properties,,,,
0YmdM0000048K3PSAU,createdCFCustom,Custom Objects,1720591798000,005dM000004WE3FQAW,Created custom field Date Contracted (Date) on Properties,,,,
0YmdM0000048K3QSAU,createdCFCustom,Custom Objects,1720591798000,005dM000004WE3FQAW,Created custom field Date Listed (Date) on Properties,,,,
0YmdM0000048K3RSAU,createdCFCustom,Custom Objects,1720591798000,005dM000004WE3FQAW,Created custom field Date Pre Market (Date) on Properties,,,,
0YmdM0000048K3SSAU,createdCFCustom,Custom Objects,1720591798000,005dM000004WE3FQAW,Created custom field Description (Long Text Area) on Properties,,,,
0YmdM0000048K3TSAU,createdCFCustom,Custom Objects,1720591798000,005dM000004WE3FQAW,Created custom field Location (Geolocation) on Properties,,,,
0YmdM0000048K3USAU,createdCFCustom,Custom Objects,1720591798000,005dM000004WE3FQAW,Created custom field Picture (URL) on Properties,,,,
0YmdM0000048K3VSAU,createdCFCustom,Custom Objects,1720591798000,005dM000004WE3FQAW,Created custom field Price Sold (Currency) on Properties,,,,
0YmdM0000048K3WSAU,createdCFCustom,Custom Objects,1720591798000,005dM000004WE3FQAW,Created custom field Asking Price (Currency) on Properties,,,,
0YmdM0000048K3XSAU,entity_history_field_tracked,Track Field History,1720591798000,005dM000004WE3FQAW,Track History for Property field Asking Price on,,,,
0YmdM0000048K3YSAU,feed_field_tracked,Feed Tracking,1720591799000,005dM000004WE3FQAW,Feed Tracking for Property field Asking Price on,,,,
0YmdM0000048K3ZSAU,createdCFFormulaCustom,Custom Objects,1720591799000,005dM000004WE3FQAW,Created custom formula field Record Link (Text) on Properties,,,,
0YmdM0000048K3aSAE,createdCFCustom,Custom Objects,1720591799000,005dM000004WE3FQAW,Created custom field State (Text) on Properties,,,,
0YmdM0000048K3bSAE,createdCFCustom,Custom Objects,1720591799000,005dM000004WE3FQAW,Created custom field Status (Picklist) on Properties,,,,
0YmdM0000048K3cSAE,feed_field_tracked,Feed Tracking,1720591799000,005dM000004WE3FQAW,Feed Tracking for Property field Status on,,,,
0YmdM0000048K3dSAE,createdCFCustom,Custom Objects,1720591799000,005dM000004WE3FQAW,Created custom field Tags (Text) on Properties,,,,
0YmdM0000048K3eSAE,createdCFCustom,Custom Objects,1720591799000,005dM000004WE3FQAW,Created custom field Thumbnail (URL) on Properties,,,,
0YmdM0000048K3fSAE,createdCFCustom,Custom Objects,1720591799000,005dM000004WE3FQAW,Created custom field Zip (Text) on Properties,,,,
0YmdM0000048K3gSAE,createdCFFormulaCustom,Custom Objects,1720591799000,005dM000004WE3FQAW,Created custom formula field Picture (Text) on Brokers,,,,
0YmdM0000048K3hSAE,createdCFFormulaCustom,Custom Objects,1720591799000,005dM000004WE3FQAW,Created custom formula field Days On Market (Number) on Properties,,,,
0YmdM0000048K3iSAE,createdCFFormulaCustom,Custom Objects,1720591799000,005dM000004WE3FQAW,Created custom formula field Main Picture (Text) on Properties,,,,
0YmdM0000048K3jSAE,createdCFFormulaCustom,Custom Objects,1720591799000,005dM000004WE3FQAW,Created custom formula field Main Thumbnail (Text) on Properties,,,,
0YmdM0000048K3kSAE,createdCompactLayout,Custom Objects,1720591799000,005dM000004WE3FQAW,Created Compact Layout Broker_Compact on Broker,,,,
0YmdM0000048K3lSAE,createdCompactLayout,Custom Objects,1720591799000,005dM000004WE3FQAW,Created Compact Layout Property_Compact_Layout on Property,,,,
0YmdM0000048K3mSAE,changedCFFormulaCustom,Custom Objects,1720591800000,005dM000004WE3FQAW,"Changed formula of Picture custom field on Brokers from """""""" to ""IMAGE( Picture__c , ""picture"" , 150, 150)""",,,,
0YmdM0000048K3nSAE,changedCFFormulaCustom,Custom Objects,1720591800000,005dM000004WE3FQAW,"Changed formula of Days On Market custom field on Properties from """""""" to ""TODAY() - Date_Listed__c""",,,,
0YmdM0000048K3oSAE,changedCFFormulaCustom,Custom Objects,1720591800000,005dM000004WE3FQAW,"Changed formula of Main Picture custom field on Properties from """""""" to ""if(ISBLANK(Picture__c), '', IMAGE(Picture__c, ""Picture""))""",,,,
0YmdM0000048K3pSAE,changedCFFormulaCustom,Custom Objects,1720591800000,005dM000004WE3FQAW,"Changed formula of Main Thumbnail custom field on Properties from """""""" to ""if(ISBLANK(Thumbnail__c), """", IMAGE(Thumbnail__c, ""Picture"", 200, 200))""",,,,
0YmdM0000048K3qSAE,custentlayout,Custom Objects,1720591801000,005dM000004WE3FQAW,Changed Broker page layout Broker Layout,,,,
0YmdM0000048K3rSAE,custentlayout,Custom Objects,1720591801000,005dM000004WE3FQAW,Changed Property page layout Property Layout,,,,
0YmdM0000048K3sSAE,createdFlexiPage,Lightning Pages,1720591801000,005dM000004WE3FQAW,Created Lightning Page: Broker Record Page,,,,
0YmdM0000048K3tSAE,createdFlexiPage,Lightning Pages,1720591802000,005dM000004WE3FQAW,Created Lightning Page: Property Finder,,,,
0YmdM0000048K3uSAE,createdFlexiPage,Lightning Pages,1720591802000,005dM000004WE3FQAW,Created Lightning Page: Property Record Page,,,,
0YmdM0000048K3vSAE,createdFlexiPage,Lightning Pages,1720591804000,005dM000004WE3FQAW,Created Lightning Page: Settings,,,,
0YmdM0000048K3wSAE,createdFlexiPage,Lightning Pages,1720591804000,005dM000004WE3FQAW,Created Lightning Page: Property Explorer,,,,
0YmdM0000048K3xSAE,createdCustEntTab,Custom Tabs,1720591805000,005dM000004WE3FQAW,Created custom object tab: Brokers,,,,
0YmdM0000048K3ySAE,createdCustomTab,Custom Tabs,1720591805000,005dM000004WE3FQAW,Created custom Lightning Page tab: Property Explorer,,,,
0YmdM0000048K3zSAE,createdCustomTab,Custom Tabs,1720591805000,005dM000004WE3FQAW,Created custom Lightning Page tab: Property Finder,,,,
0YmdM0000048K40SAE,createdCustEntTab,Custom Tabs,1720591805000,005dM000004WE3FQAW,Created custom object tab: Properties,,,,
0YmdM0000048K41SAE,createdCustomTab,Custom Tabs,1720591805000,005dM000004WE3FQAW,Created custom Lightning Page tab: Settings,,,,
0YmdM0000048K42SAE,createdTabSet,Custom Apps,1720591805000,005dM000004WE3FQAW,Created custom app Dreamhouse,,,,
0YmdM0000048K43SAE,createdActionOverrideCustom,Custom Objects,1720591805000,005dM000004WE3FQAW,Added standard button override on Brokers: View (Lightning Page null),,,,
0YmdM0000048K44SAE,createdActionOverrideCustom,Custom Objects,1720591805000,005dM000004WE3FQAW,Added standard button override on Brokers: View (Lightning Page null),,,,
0YmdM0000048KXHSA2,value_MAX_STREAMING_TOPICS_PROV,,1720590919000,005dM000004WWvLQAW,Max number of streaming topics,,,,
0YmdM0000048OkcSAE,createdCF,Customize Contacts,1720592659000,005dM000004WE3FQAW,Created custom field: Loan Amount (Currency),,,,
0YmdM0000048OkdSAE,contactlayout,Customize Contacts,1720592659000,005dM000004WE3FQAW,Changed Contact page layout Contact (Marketing) Layout,,,,
0YmdM0000048OkeSAE,contactlayout,Customize Contacts,1720592659000,005dM000004WE3FQAW,Changed Contact page layout Contact (Sales) Layout,,,,
0YmdM0000048OkfSAE,contactlayout,Customize Contacts,1720592659000,005dM000004WE3FQAW,Changed Contact page layout Contact (Support) Layout,,,,
0YmdM0000048OkgSAE,contactlayout,Customize Contacts,1720592659000,005dM000004WE3FQAW,Changed Contact page layout Contact Layout,,,,
0YmdM0000048PhASAU,createdCustEntTab,Custom Tabs,1720596955000,005dM000004WE3FQAW,Created custom object tab: Properties,,,,
0YmdM0000048QCjSAM,createdActionOverrideCustom,Custom Objects,1720591805000,005dM000004WE3FQAW,Added standard button override on Properties: View (Lightning Page null),,,,
0YmdM0000048QCkSAM,createdActionOverrideCustom,Custom Objects,1720591805000,005dM000004WE3FQAW,Added standard button override on Properties: View (Lightning Page null),,,,
0YmdM0000048QClSAM,createdinteractiondefinition,Flows,1720591805000,005dM000004WE3FQAW,"Created flow with Name ""Create Property"" and Unique Name ""Create_property""",,,,
0YmdM0000048QCmSAM,createdApexClass,Apex Class,1720591806000,005dM000004WE3FQAW,Created GeocodingService Apex Class code,,,,
0YmdM0000048QCnSAM,createdApexClass,Apex Class,1720591806000,005dM000004WE3FQAW,Created GeocodingServiceTest Apex Class code,,,,
0YmdM0000048QCoSAM,createdApexClass,Apex Class,1720591806000,005dM000004WE3FQAW,Created PagedResult Apex Class code,,,,
0YmdM0000048QCpSAM,createdApexClass,Apex Class,1720591806000,005dM000004WE3FQAW,Created PropertyController Apex Class code,,,,
0YmdM0000048QCqSAM,createdApexClass,Apex Class,1720591806000,005dM000004WE3FQAW,Created SampleDataController Apex Class code,,,,
0YmdM0000048QCrSAM,createdApexClass,Apex Class,1720591806000,005dM000004WE3FQAW,Created TestPropertyController Apex Class code,,,,
0YmdM0000048QCsSAM,createdApexClass,Apex Class,1720591806000,005dM000004WE3FQAW,Created TestSampleDataController Apex Class code,,,,
0YmdM0000048QCtSAM,PermSetTabSettingsChangedNew,Manage Users,1720591807000,005dM000004WE3FQAW,Changed permission set dreamhouse: Brokers tab was changed from None to Visible,,,,
0YmdM0000048QCuSAM,PermSetTabSettingsChangedNew,Manage Users,1720591807000,005dM000004WE3FQAW,Changed permission set dreamhouse: Property Explorer tab was changed from None to Visible,,,,
0YmdM0000048QCvSAM,PermSetTabSettingsChangedNew,Manage Users,1720591807000,005dM000004WE3FQAW,Changed permission set dreamhouse: Property Finder tab was changed from None to Visible,,,,
0YmdM0000048QCwSAM,PermSetTabSettingsChangedNew,Manage Users,1720591807000,005dM000004WE3FQAW,Changed permission set dreamhouse: Properties tab was changed from None to Visible,,,,
0YmdM0000048QCxSAM,PermSetTabSettingsChangedNew,Manage Users,1720591807000,005dM000004WE3FQAW,Changed permission set dreamhouse: Settings tab was changed from None to Visible,,,,
0YmdM0000048QCySAM,PermSetCreateNoLicense,Manage Users,1720591807000,005dM000004WE3FQAW,Created permission set dreamhouse: with no license,,,,
0YmdM0000048QCzSAM,remoteproxy,Security Controls,1720591808000,005dM000004WE3FQAW,Remote Proxy insert nominatim_openstreetmap: https://nominatim.openstreetmap.org,,,,
0YmdM0000048QD0SAM,updatedDefaultCompactLayoutMapping,Custom Objects,1720591810000,005dM000004WE3FQAW,Broker primary Compact Layout was changed from System Default to Broker Compact,,,,
0YmdM0000048QD1SAM,updatedDefaultCompactLayoutMapping,Custom Objects,1720591810000,005dM000004WE3FQAW,Property primary Compact Layout was changed from System Default to Property Compact Layout,,,,
0YmdM0000048QD2SAM,changedFlexiPage,Lightning Pages,1720591810000,005dM000004WE3FQAW,Changed Lightning Page: Property Explorer,,,,
0YmdM0000048QD3SAM,changedTabSetTabs,Custom Apps,1720591810000,005dM000004WE3FQAW,Changed tabs of custom app Dreamhouse,,,,
0YmdM0000048QD4SAM,activatedinteractiondefinition,Flows,1720591813000,005dM000004WE3FQAW,"Activated flow with Name ""Create Property"" and Unique Name ""Create_property""",,,,
0YmdM0000048QD5SAM,installedpackagingapp,Custom Apps,1720591837000,005dM000004WE3FQAW,Installed AppExchange package: DreamhouseLWC,,,,
0YmdM0000048QD6SAM,package2VersionUnlockedInstall,Second Generation Package Version,1720591837000,005dM000004WE3FQAW," Installed Unlocked package: ""DreamhouseLWC"" version ""55.0.0""",,,,
0YmdM0000048j2gSAA,createdCFCustom,Custom Objects,1720597170000,005dM000004WE3FQAW,Created custom field Price (Currency) on Properties,,,,
0YmdM0000048j2hSAA,custentlayout,Custom Objects,1720597170000,005dM000004WE3FQAW,Changed Properti page layout Properti Layout,,,,
0YmdM0000048pNLSAY,createdCFMasterDetailCustom,Custom Objects,1720605494000,005dM000004WE3FQAW,Created master-detail field: Property (Property) on Favorites,,,,
0YmdM0000048pNMSAY,custentlayout,Custom Objects,1720605494000,005dM000004WE3FQAW,Changed Favorite page layout Favorite Layout,,,,
0YmdM0000048vHhSAI,createdCustEnt,Custom Objects,1720602522000,005dM000004WE3FQAW,Created custom object: Offer,,,,
0YmdM0000048zYkSAI,createdCustEntTab,Custom Tabs,1720604402000,005dM000004WE3FQAW,Created custom object tab: Offers,,,,
0YmdM00000490COSAY,createdCFMasterDetailCustom,Custom Objects,1720606551000,005dM000004WE3FQAW,Created master-detail field: Property (Property) on Offers,,,,
0YmdM00000490CPSAY,custentlayout,Custom Objects,1720606551000,005dM000004WE3FQAW,Changed Offer page layout Offer Layout,,,,
0YmdM00000490umSAA,createdCustEntTab,Custom Tabs,1720605237000,005dM000004WE3FQAW,Created custom object tab: Favorites,,,,
0YmdM00000493zaSAA,createdCustEnt,Custom Objects,1720605210000,005dM000004WE3FQAW,Created custom object: Favorite,,,,
0YmdM00000497I6SAI,createdCFCustom,Custom Objects,1720604473000,005dM000004WE3FQAW,Created custom field Offer Amount (Currency) on Offers,,,,
0YmdM00000497I7SAI,custentlayout,Custom Objects,1720604473000,005dM000004WE3FQAW,Changed Offer page layout Offer Layout,,,,
0YmdM00000497paSAA,createdCFCustom,Custom Objects,1720604511000,005dM000004WE3FQAW,Created custom field Target Close Date (Date) on Offers,,,,
0YmdM00000497pbSAA,custentlayout,Custom Objects,1720604511000,005dM000004WE3FQAW,Changed Offer page layout Offer Layout,,,,
0YmdM0000049BOjSAM,createdCFLookupCustom,Custom Objects,1720605399000,005dM000004WE3FQAW,Created custom lookup relationship Contact (Contact) on Favorites,,,,
0YmdM0000049BOkSAM,custentlayout,Custom Objects,1720605399000,005dM000004WE3FQAW,Changed Favorite page layout Favorite Layout,,,,
0YmdM0000049CvmSAE,createdCFLookupCustom,Custom Objects,1720606629000,005dM000004WE3FQAW,Created custom lookup relationship Contact (Contact) on Offers,,,,
0YmdM0000049CvnSAE,custentlayout,Custom Objects,1720606629000,005dM000004WE3FQAW,Changed Offer page layout Offer Layout,,,,
0YmdM0000049IlKSAU,createdCFCustom,Custom Objects,1720607713000,005dM000004WE3FQAW,Created custom field Street Address (Text Area) on Properties,,,,
0YmdM000004CB9ASAW,createdTabSet,Custom Apps,1720681458000,005dM000004WE3FQAW,Created custom app Energy Consultations,,,,
0YmdM000004CGwmSAG,createdCFLookupCustom,Custom Objects,1720676496000,005dM000004WE3FQAW,Created custom lookup relationship Account (Account) on Energy Audits,,,,
0YmdM000004CGwnSAG,custentlayout,Custom Objects,1720676496000,005dM000004WE3FQAW,Changed Energy Audit page layout Energy Audit Layout,,,,
0YmdM000004CMaZSAW,createdCFCustom,Custom Objects,1720676326000,005dM000004WE3FQAW,Created custom field Type of Installation (Picklist) on Energy Audits,,,,
0YmdM000004CMaaSAG,custentlayout,Custom Objects,1720676326000,005dM000004WE3FQAW,Changed Energy Audit page layout Energy Audit Layout,,,,
0YmdM000004COOoSAO,createdCFCustom,Custom Objects,1720676626000,005dM000004WE3FQAW,Created custom field Annual Energy Usage (kWh) (Number) on Energy Audits,,,,
0YmdM000004COOpSAO,custentlayout,Custom Objects,1720676626000,005dM000004WE3FQAW,Changed Energy Audit page layout Energy Audit Layout,,,,
0YmdM000004COPiSAO,feed_entity_tracked,Feed Tracking,1720677507000,005dM000004WE3FQAW,Feed Tracking for Energy Audit on,,,,
0YmdM000004COPjSAO,feed_field_tracked,Feed Tracking,1720677507000,005dM000004WE3FQAW,Feed Tracking for Energy Audit field Account on,,,,
0YmdM000004COPkSAO,feed_field_tracked,Feed Tracking,1720677507000,005dM000004WE3FQAW,Feed Tracking for Energy Audit field Annual Energy Usage (kWh) on,,,,
0YmdM000004COPlSAO,feed_field_tracked,Feed Tracking,1720677507000,005dM000004WE3FQAW,Feed Tracking for Energy Audit field Audit Notes on,,,,
0YmdM000004COPmSAO,feed_field_tracked,Feed Tracking,1720677507000,005dM000004WE3FQAW,Feed Tracking for Energy Audit field Average Annual Electric Cost on,,,,
0YmdM000004COPnSAO,feed_field_tracked,Feed Tracking,1720677507000,005dM000004WE3FQAW,Feed Tracking for Energy Audit field Energy Audit Name on,,,,
0YmdM000004COPoSAO,feed_field_tracked,Feed Tracking,1720677507000,005dM000004WE3FQAW,Feed Tracking for Energy Audit field Type of Installation on,,,,
0YmdM000004COivSAG,createdCustEntTab,Custom Tabs,1720675950000,005dM000004WE3FQAW,Created custom object tab: Energy Audits,,,,
0YmdM000004CP2KSAW,createdCustEnt,Custom Objects,1720675700000,005dM000004WE3FQAW,Created custom object: Energy Audit,,,,
0YmdM000004CSsmSAG,createdCFCustom,Custom Objects,1720676563000,005dM000004WE3FQAW,Created custom field Average Annual Electric Cost (Currency) on Energy Audits,,,,
0YmdM000004CSsnSAG,custentlayout,Custom Objects,1720676563000,005dM000004WE3FQAW,Changed Energy Audit page layout Energy Audit Layout,,,,
0YmdM000004CUL2SAO,createdCFCustom,Custom Objects,1720676673000,005dM000004WE3FQAW,Created custom field Audit Notes (Long Text Area) on Energy Audits,,,,
0YmdM000004CUL3SAO,custentlayout,Custom Objects,1720676673000,005dM000004WE3FQAW,Changed Energy Audit page layout Energy Audit Layout,,,,
0YmdM000004DNhISAW,createdFlexiPage,Lightning Pages,1720681457000,005dM000004WE3FQAW,Created Lightning Page: Energy Consultations UtilityBar,,,,
0YmdM000004Ej9pSAC,updatedDefaultCompactLayoutMapping,Custom Objects,1720688865000,005dM000004WE3FQAW,Energy Audit primary Compact Layout was changed from System Default to Energy Audit Compact Layout,,,,
0YmdM000004Em5vSAC,updatedDefaultCompactLayoutMapping,Customize Opportunities,1720689035000,005dM000004WE3FQAW,Opportunity primary Compact Layout was changed from System Default to New Oppty Compact Layout,,,,
0YmdM000004EnGOSA0,createdCompactLayout,Customize Opportunities,1720689024000,005dM000004WE3FQAW,Created Compact Layout New_Oppty_Compact_Layout on Opportunity,,,,
0YmdM000004EoVhSAK,createdCompactLayout,Custom Objects,1720688826000,005dM000004WE3FQAW,Created Compact Layout Energy_Audit_Compact_Layout on Energy Audit,,,,
0YmdM000004EqqySAC,createdFlexiPage,Lightning Pages,1720690758000,005dM000004WE3FQAW,Created Lightning Page: Energy Audit Record Page for Sales,,,,
0YmdM000004Es6iSAC,custentlayout,Custom Objects,1720691412000,005dM000004WE3FQAW,Changed Energy Audit page layout Energy Audit Layout,,,,
0YmdM000004Eui2SAC,createdActionOverride,Customize Contacts,1720692922000,005dM000004WE3FQAW,Added standard button override: View (Lightning Page null),,,,
0YmdM000004Ew27SAC,contactlayout,Customize Contacts,1720692587000,005dM000004WE3FQAW,Changed Contact page layout Contact Layout,,,,
0YmdM000004F1CqSAK,createdActionOverride,Customize Contacts,1720692922000,005dM000004WE3FQAW,Added standard button override: View (Lightning Page null),,,,
0YmdM000004F1eDSAS,createdFlexiPage,Lightning Pages,1720692894000,005dM000004WE3FQAW,Created Lightning Page: Contact Record Page,,,,
0YmdM000004FINZSA4,accountlayout,Customize Accounts,1720700242000,005dM000004WE3FQAW,Changed Account page layout Account (Marketing) Layout,,,,
0YmdM000004FINaSAO,accountlayout,Customize Accounts,1720700242000,005dM000004WE3FQAW,Changed Account page layout Account (Sales) Layout,,,,
0YmdM000004FINbSAO,accountlayout,Customize Accounts,1720700242000,005dM000004WE3FQAW,Changed Account page layout Account (Support) Layout,,,,
0YmdM000004FINcSAO,accountlayout,Customize Accounts,1720700242000,005dM000004WE3FQAW,Changed Account page layout Account Layout,,,,
0YmdM000004FIp4SAG,createdCustLink,Customize Accounts,1720700545000,005dM000004WE3FQAW,Created custom button or link: Google_This_Account (Detail Page Link),,,,
0YmdM000004FIp7SAG,accountlayout,Customize Accounts,1720701273000,005dM000004WE3FQAW,Changed Account page layout Account Layout,,,,
0YmdM000004FJrPSAW,accountlayout,Customize Accounts,1720700940000,005dM000004WE3FQAW,Changed Account page layout Account Layout,,,,
0YmdM000004FLErSAO,createdCustLink,Customize Accounts,1720701150000,005dM000004WE3FQAW,Created custom button or link: Map_Location (Detail Page Button),,,,
0YmdM000004FNBmSAO,createdCustLinkCustom,Custom Objects,1720699984000,005dM000004WE3FQAW,Created custom button or link on Energy Audits: Audit_Guidelines (Detail Page Link),,,,
0YmdM000004FRVYSA4,custentlayout,Custom Objects,1720702054000,005dM000004WE3FQAW,Changed Energy Audit page layout Energy Audit Layout,,,,
0YmdM000004FRyVSAW,accountlayout,Customize Accounts,1720702480000,005dM000004WE3FQAW,Changed Account page layout Account Layout,,,,
0YmdM000004Hed8SAC,changedQuickActionLayoutGlobal,Global Actions,1720766487000,005dM000004WE3FQAW,Changed Action Layout for action: New Campaign,,,,
0YmdM000004ID5ASAW,contactlayout,Customize Contacts,1720762380000,005dM000004WE3FQAW,Changed Contact page layout Contact Layout,,,,
0YmdM000004IIYvSAO,createdCustLink,Customize Contacts,1720761938000,005dM000004WE3FQAW,Created custom button or link: Google_Info (Detail Page Button),,,,
0YmdM000004IPB0SAO,createdQuickAction,Global Actions,1720766433000,005dM000004WE3FQAW,Created Action: New_Campaign,,,,
0YmdM000004IPP3SAO,createdQuickActionCustom,Customize Accounts,1720763657000,005dM000004WE3FQAW,Created Action on Account: New_Energy_Audit,,,,
0YmdM000004IPyhSAG,accountlayout,Customize Accounts,1720764349000,005dM000004WE3FQAW,Changed Account page layout Account Layout,,,,
0YmdM000004JGdTSAW,installedpackagingapp,Custom Apps,1720780989000,005dM000004WE3FQAW,Installed AppExchange package: In-App Guidance: Boost Service User Productivity in Lightning Experience,,prompts112019,,
0YmdM000004JI5rSAG,installedpackagingapp,Custom Apps,1720781028000,005dM000004WE3FQAW,Installed AppExchange package: In-App Guidance Walkthroughs: Getting Started for Sales Users,,prompts072020,,
0YmdM000004JIDnSAO,installedpackagingapp,Custom Apps,1720780916000,005dM000004WE3FQAW,Installed AppExchange package: In-App Guidance: Boost Sales User Productivity in Lightning Experience,,prompts102019,,
0YmdM000004RbSmSAK,trailheadInLexTermsOffOn,,1721020338000,005dM000004WE3FQAW,Organization setup action: trailheadInLexTermsOffOn has changed.,,,,
0YmdM000004XPGhSAO,value_MAX_STREAMING_TOPICS_PROV,,1721076893000,005dM000004WWvLQAW,Max number of streaming topics,,,,
0YmdM000004cqboSAA,createdCFFormula,Customize Contacts,1721192918000,005dM000004WE3FQAW,Created custom formula field: Account Number (Text),,,,
0YmdM000004cqbpSAA,contactlayout,Customize Contacts,1721192918000,005dM000004WE3FQAW,Changed Contact page layout Contact (Marketing) Layout,,,,
0YmdM000004cqbqSAA,contactlayout,Customize Contacts,1721192918000,005dM000004WE3FQAW,Changed Contact page layout Contact (Sales) Layout,,,,
0YmdM000004cqbrSAA,contactlayout,Customize Contacts,1721192918000,005dM000004WE3FQAW,Changed Contact page layout Contact (Support) Layout,,,,
0YmdM000004cqbsSAA,contactlayout,Customize Contacts,1721192918000,005dM000004WE3FQAW,Changed Contact page layout Contact Layout,,,,
0YmdM000004csS7SAI,changedFlexiPage,Lightning Pages,1721192928000,005dM000004WE3FQAW,Changed Lightning Page: Contact Record Page,,,,
0YmdM000004cvEXSAY,createdCFFormula,Customize Opportunities,1721193336000,005dM000004WE3FQAW,Created custom formula field: Days to Close (Number),,,,
0YmdM000004cvEYSAY,opplayout,Customize Opportunities,1721193336000,005dM000004WE3FQAW,Changed Opportunity page layout Opportunity (Marketing) Layout,,,,
0YmdM000004cvEZSAY,opplayout,Customize Opportunities,1721193336000,005dM000004WE3FQAW,Changed Opportunity page layout Opportunity (Sales) Layout,,,,
0YmdM000004cvEaSAI,opplayout,Customize Opportunities,1721193336000,005dM000004WE3FQAW,Changed Opportunity page layout Opportunity (Support) Layout,,,,
0YmdM000004cvEbSAI,opplayout,Customize Opportunities,1721193336000,005dM000004WE3FQAW,Changed Opportunity page layout Opportunity Layout,,,,
0YmdM000004czTlSAI,createdCF_RSF,Customize Accounts,1721196149000,005dM000004WE3FQAW,Created roll up summary field: Sum of Opportunities (sum),,,,
0YmdM000004czTmSAI,accountlayout,Customize Accounts,1721196149000,005dM000004WE3FQAW,Changed Account page layout Account (Marketing) Layout,,,,
0YmdM000004czTnSAI,accountlayout,Customize Accounts,1721196149000,005dM000004WE3FQAW,Changed Account page layout Account (Sales) Layout,,,,
0YmdM000004czToSAI,accountlayout,Customize Accounts,1721196149000,005dM000004WE3FQAW,Changed Account page layout Account (Support) Layout,,,,
0YmdM000004czTpSAI,accountlayout,Customize Accounts,1721196149000,005dM000004WE3FQAW,Changed Account page layout Account Layout,,,,
0YmdM000004d29WSAQ,createdCFFormula,Customize Contracts,1721195069000,005dM000004WE3FQAW,Created custom formula field: Days Remaining (Number),,,,
0YmdM000004d29XSAQ,contractlayout,Customize Contracts,1721195069000,005dM000004WE3FQAW,Changed Contract page layout Contract Layout,,,,
0YmdM000004e7a8SAA,createdCF_RSF,Customize Accounts,1721211036000,005dM000004WE3FQAW,Created roll up summary field: Potential Value (sum),,,,
0YmdM000004e7a9SAA,accountlayout,Customize Accounts,1721211036000,005dM000004WE3FQAW,Changed Account page layout Account (Marketing) Layout,,,,
0YmdM000004e7aASAQ,accountlayout,Customize Accounts,1721211036000,005dM000004WE3FQAW,Changed Account page layout Account (Sales) Layout,,,,
0YmdM000004e7aBSAQ,accountlayout,Customize Accounts,1721211036000,005dM000004WE3FQAW,Changed Account page layout Account (Support) Layout,,,,
0YmdM000004e7aCSAQ,accountlayout,Customize Accounts,1721211036000,005dM000004WE3FQAW,Changed Account page layout Account Layout,,,,
0YmdM000004eA6TSAU,newValidation,Validation Rules,1721211627000,005dM000004WE3FQAW,"New Accounts validation rule ""Account_Number_8_Characters""",,,,
0YmdM000004gFd3SAE,value_MAX_STREAMING_TOPICS_PROV,,1721251046000,005dM000004WWvLQAW,Max number of streaming topics,,,,
0YmdM000004h4XgSAI,newValidation,Validation Rules,1721277351000,005dM000004WE3FQAW,"New Contacts validation rule ""Contact_must_be_in_Account_ZIP_Code""",,,,
0YmdM000004hDKuSAM,createduser,Manage Users,1721282965000,005dM000004WE3FQAW,Created new user guest1234,,,,
0YmdM000004hLf1SAE,deactivateduser,Manage Users,1721282991000,005dM000004WE3FQAW,Deactivated user guest1234 (UserID: [005dM000005AMdt]),,,,
0YmdM000004hg3SSAQ,profileClonedStandard,Manage Users,1721287354000,005dM000004WE3FQAW,Created profile Demo Profile: Cloned from profile Chatter Free User,,,,
0YmdM000004hgqNSAQ,newProfileUIOffOn,User Management Settings,1721287214000,005dM000004WE3FQAW,Changed Enable Enhanced Profile User Interface from off to on,,,,
0YmdM000004iC9BSAU,profileClonedStandard,Manage Users,1721304457000,005dM000004WE3FQAW,Created profile Cleaner: Cloned from profile Minimum Access - Salesforce,,,,
0YmdM000004iDYwSAM,deletedprofile,Manage Users,1721303926000,005dM000004WE3FQAW,Deleted profile Cleaner,,,,
0YmdM000004iITiSAM,PermSetCreateNoLicense,Manage Users,1721296392000,005dM000004WE3FQAW,Created permission set Demo Permission: with no license,,,,
0YmdM000004iIdVSAU,PermissionSelfHealing,,1721297790000,005dM000004WWvLQAW,Changed Profile Cleaner: Enabled Contact<read> permission because EntitlementContact<read> has already been enabled.,,,,
0YmdM000004iIdWSAU,PermissionSelfHealing,,1721297790000,005dM000004WWvLQAW,Changed Profile Cleaner: Enabled Account<read> permission because Entitlement<read> has already been enabled.,,,,
0YmdM000004iIdXSAU,profileCustAppCustom,Manage Users,1721297790000,005dM000004WE3FQAW,Changed profile Cleaner: All Tabs application is now Visible,,,,
0YmdM000004iJL1SAM,profileClonedStandard,Manage Users,1721297725000,005dM000004WE3FQAW,Created profile Cleaner: Cloned from profile Minimum Access - Salesforce,,,,
0YmdM000004iN0RSAU,deletedprofile,Manage Users,1721299465000,005dM000004WE3FQAW,Deleted profile Cleaner,,,,
0YmdM000004iV6XSAU,profileClonedStandard,Manage Users,1721299541000,005dM000004WE3FQAW,Created profile Cleaner: Cloned from profile Minimum Access - Salesforce,,,,
0YmdM000004ihiMSAQ,newProfileUIOnOff,User Management Settings,1721306552000,005dM000004WE3FQAW,Changed Enable Enhanced Profile User Interface from on to off,,,,
0YmdM000004iit0SAA,profileOlpChangedCustom,Manage Users,1721306762000,005dM000004WE3FQAW,"Changed profile Cleaner: Lead object permissions were changed from No Access to Read, Edit",,,,
0YmdM000004iit1SAA,profileOlpChangedCustom,Manage Users,1721306762000,005dM000004WE3FQAW,"Changed profile Cleaner: Contact object permissions were changed from No Access to Read, Edit",,,,
0YmdM000004iit2SAA,profileOlpChangedCustom,Manage Users,1721306762000,005dM000004WE3FQAW,"Changed profile Cleaner: Account object permissions were changed from No Access to Read, Edit",,,,
0YmdM000004iit3SAA,profileCustAppCustom,Manage Users,1721306762000,005dM000004WE3FQAW,Changed profile Cleaner: All Tabs application is now Visible,,,,
0YmdM000004ikqUSAQ,profileClonedStandard,Manage Users,1721306334000,005dM000004WE3FQAW,Created profile Cleaner: Cloned from profile Minimum Access - Salesforce,,,,
0YmdM000004imhnSAA,deletedprofile,Manage Users,1721306318000,005dM000004WE3FQAW,Deleted profile Cleaner,,,,
0YmdM000004mWbVSAU,newProfileUIOnOff,User Management Settings,1721381724000,005dM000004WE3FQAW,Changed Enable Enhanced Profile User Interface from on to off,,,,
0YmdM000004mXNuSAM,obfuscateUserOnOff,,1721380836000,005dM000004WE3FQAW,Organization setup action: obfuscateUserOnOff has changed.,,,,
0YmdM000004mZNtSAM,obfuscateUserOffOn,,1721380832000,005dM000004WE3FQAW,Organization setup action: obfuscateUserOffOn has changed.,,,,
0YmdM000004ma93SAA,PermSetFlsChanged,Manage Users,1721382309000,005dM000004WE3FQAW,Changed permission set Rating: field-level security for Account: Rating was changed from No Access to Read/Write,,,,
0YmdM000004mcc3SAA,profileClonedStandard,Manage Users,1721381825000,005dM000004WE3FQAW,Created profile Sales: Cloned from profile Standard User,,,,
0YmdM000004mdxlSAA,newProfileUIOffOn,User Management Settings,1721381063000,005dM000004WE3FQAW,Changed Enable Enhanced Profile User Interface from off to on,,,,
0YmdM000004me2jSAA,PermSetCreate,Manage Users,1721382226000,005dM000004WE3FQAW,Created permission set Rating: with User License Salesforce,,,,
0YmdM000004miJHSAY,profileFlsChangedCustom,Manage Users,1721382109000,005dM000004WE3FQAW,Changed profile Sales: field-level security for Account: Rating was changed from Read/Write to No Access,,,,
0YmdM000004mkUTSAY,profileOlpChangedCustom,Manage Users,1721381987000,005dM000004WE3FQAW,"Changed profile Sales: Account object permissions were changed from Read, Create, Edit, Delete to Read, Create, Edit",,,,
0YmdM000004mkUUSAY,profileOlpChangedCustom,Manage Users,1721381987000,005dM000004WE3FQAW,"Changed profile Sales: Contact object permissions were changed from Read, Create, Edit, Delete to Read, Create, Edit",,,,
0YmdM000004stDpSAI,createdrole,Manage Users,1721631607000,005dM000004WE3FQAW,Created new role Chief Sales Officer,,,,
0YmdM000004thQkSAI,role,Manage Users,1721631198000,005dM000004WE3FQAW,Changed role CEO,,,,
0YmdM000004tjopSAA,createdrole,Manage Users,1721631703000,005dM000004WE3FQAW,Created new role Training Coordinator,,,,
0YmdM000004tqdqSAA,defaultCustomEntityAccess,Sharing Defaults,1721628706000,005dM000004WE3FQAW,Changed default internal access for Project from Public Read/Write to Private,,,,
0YmdM000004twq4SAA,createdCustEnt,Custom Objects,1721628203000,005dM000004WE3FQAW,Created custom object: Project,,,,
0YmdM000004txIuSAI,owdUpdateFinished,Sharing Defaults,1721628603000,005dM000004WE3FQAW,Finished Organization-Wide Defaults update,,,,
0YmdM000004ty9oSAA,owdInternalUpdateStartedForEntity,Sharing Defaults,1721628582000,005dM000004WE3FQAW,Started default internal access update for Project from Public Read Only to Public Read/Write,,,,
0YmdM000004ty9rSAA,owdInternalUpdateStartedForEntity,Sharing Defaults,1721628696000,005dM000004WE3FQAW,Started default internal access update for Project from Public Read/Write to Private,,,,
0YmdM000004tyQ3SAI,owdUpdateStarted,Sharing Defaults,1721628582000,005dM000004WE3FQAW,Started Organization-Wide Defaults update,,,,
0YmdM000004tzNNSAY,owdInternalUpdateStartedForEntity,Sharing Defaults,1721628379000,005dM000004WE3FQAW,Started default internal access update for Project from Public Read/Write to Private,,,,
0YmdM000004tzX7SAI,owdUpdateStarted,Sharing Defaults,1721628695000,005dM000004WE3FQAW,Started Organization-Wide Defaults update,,,,
0YmdM000004tzxXSAQ,defaultCustomEntityAccess,Sharing Defaults,1721628593000,005dM000004WE3FQAW,Changed default internal access for Project from Public Read Only to Public Read/Write,,,,
0YmdM000004u05lSAA,owdUpdateFinished,Sharing Defaults,1721628404000,005dM000004WE3FQAW,Finished Organization-Wide Defaults update,,,,
0YmdM000004u0rRSAQ,owdUpdateFinished,Sharing Defaults,1721628399000,005dM000004WE3FQAW,Finished Organization-Wide Defaults update,,,,
0YmdM000004u3FYSAY,owdUpdateStarted,Sharing Defaults,1721628532000,005dM000004WE3FQAW,Started Organization-Wide Defaults update,,,,
0YmdM000004u3gFSAQ,createdgroup,Groups,1721632791000,005dM000004WE3FQAW,Created Public Group demo group,,,,
0YmdM000004u3gGSAQ,groupMembership,Groups,1721632791000,005dM000004WE3FQAW,Changed membership of Group demo group ,,,,
0YmdM000004u3vXSAQ,owdUpdateStarted,Sharing Defaults,1721628368000,005dM000004WE3FQAW,Started Organization-Wide Defaults update,,,,
0YmdM000004u4I6SAI,owdUpdateFinished,Sharing Defaults,1721628547000,005dM000004WE3FQAW,Finished Organization-Wide Defaults update,,,,
0YmdM000004u56ESAQ,owdUpdateFinished,Sharing Defaults,1721628716000,005dM000004WE3FQAW,Finished Organization-Wide Defaults update,,,,
0YmdM000004u6TZSAY,defaultCustomEntityAccess,Sharing Defaults,1721628543000,005dM000004WE3FQAW,Changed default internal access for Project from Private to Public Read Only,,,,
0YmdM000004u82GSAQ,owdInternalUpdateStartedForEntity,Sharing Defaults,1721628532000,005dM000004WE3FQAW,Started default internal access update for Project from Private to Public Read Only,,,,
0YmdM000004u83pSAA,defaultCustomEntityAccess,Sharing Defaults,1721628396000,005dM000004WE3FQAW,Changed default internal access for Project from Public Read/Write to Private,,,,
0YmdM000004uD6lSAE,changedroleforuser,Manage Users,1721631309000,005dM000004WE3FQAW,Changed role for user Integration User from <None Specified> to CEO,,,,
0YmdM000004uDV8SAM,createdrole,Manage Users,1721631677000,005dM000004WE3FQAW,Created new role Sales Strategy Manager,,,,
0YmdM000004uLZESA2,createdCFCustom,Custom Objects,1721633658000,005dM000004WE3FQAW,Created custom field Priority (Picklist) on Projects,,,,
0YmdM000004uLZFSA2,custentlayout,Custom Objects,1721633658000,005dM000004WE3FQAW,Changed Project page layout Project Layout,,,,
0YmdM000004uMYLSA2,changedCFDefaultFormula,Customize Products,1721648283000,005dM000004WE3FQAW,"Changed default value for Macaron Flavor custom field from null to CASE(MONTH(TODAY()), 1, ""Gingerbread"", 2, ""Strawberry"", 4, ""Chocolate"", 7, ""Raspberry"", 11, ""Pumpkin"", 12, ""Mint"", ""Vanilla"")",,,,
0YmdM000004uO99SAE,createdCF,Customize Products,1721640801000,005dM000004WE3FQAW,Created custom field: Macaron Flavor (Picklist),,,,
0YmdM000004uO9ASAU,productlayout,Customize Products,1721640801000,005dM000004WE3FQAW,Changed Product page layout Product Layout,,,,
0YmdM000004uOnqSAE,recalcSingleSharingRuleComplete,Sharing Rules,1721633962000,005dM000004WE3FQAW,Completed Criteria Rule: Project recalculation: Share Project Records,,,,
0YmdM000004uRBOSA2,insertSharingRule,Sharing Rules,1721633959000,005dM000004WE3FQAW,Created Project Criteria-Based Sharing Rule Share Project Records,,,,
0YmdM000004uRBPSA2,recalcSingleSharingRuleStart,Sharing Rules,1721633959000,005dM000004WE3FQAW,Initiated Criteria Rule: Project recalculation: Share Project Records,,,,
0YmdM000004v52gSAA,createGlobalPicklist,Global Value Sets,1721652194000,005dM000004WE3FQAW,Created global picklist : Ingredients,,,,
0YmdM000004x1x3SAA,value_MAX_STREAMING_TOPICS_PROV,,1721682894000,005dM000004WWvLQAW,Max number of streaming topics,,,,
0YmdM000004xyo5SAA,createdinteractiondefinition,Flows,1721718361000,005dM000004WE3FQAW,"Created flow with Name ""Update Status"" and Unique Name ""Update_Status""",,,,
0YmdM000004y1GqSAI,createdCustEnt,Custom Objects,1721713861000,005dM000004WE3FQAW,Created custom object: Suggestion,,,,
0YmdM000004y1z0SAA,createdQuickActionDefault,Global Actions,1721716748000,005dM000004WE3FQAW,Created New_Suggestion Action default value: Status__c,,,,
0YmdM000004y4MwSAI,createdCF,Customize Products,1721713463000,005dM000004WE3FQAW,Created custom field: Shirt (Picklist),,,,
0YmdM000004y4MxSAI,productlayout,Customize Products,1721713463000,005dM000004WE3FQAW,Changed Product page layout Product Layout,,,,
0YmdM000004y5a1SAA,changedQuickActionLayoutGlobal,Global Actions,1721716691000,005dM000004WE3FQAW,Changed Action Layout for action: New Suggestion,,,,
0YmdM000004y5kbSAA,createdCFCustom,Custom Objects,1721715149000,005dM000004WE3FQAW,Created custom field Status (Picklist) on Suggestions,,,,
0YmdM000004y6uuSAA,createGlobalPicklist,Global Value Sets,1721713355000,005dM000004WE3FQAW,Created global picklist : Flavors,,,,
0YmdM000004y6uvSAA,changedPicklistPromote,Customize Products,1721713355000,005dM000004WE3FQAW,Promoted picklist field Macaron Flavor to new global value set Flavors,,,,
0YmdM000004y8FESAY,custentlayout,Custom Objects,1721716321000,005dM000004WE3FQAW,Changed Suggestion page layout Suggestion Layout,,,,
0YmdM000004yBxnSAE,createdCFCustom,Custom Objects,1721714547000,005dM000004WE3FQAW,Created custom field Suggestion Description (Long Text Area) on Suggestions,,,,
0YmdM000004yBxoSAE,custentlayout,Custom Objects,1721714547000,005dM000004WE3FQAW,Changed Suggestion page layout Suggestion Layout,,,,
0YmdM000004yD6lSAE,createdFlexiPage,Lightning Pages,1721714101000,005dM000004WE3FQAW,Created Lightning Page: Suggestion Box UtilityBar,,,,
0YmdM000004yD75SAE,createdCFCustom,Custom Objects,1721715261000,005dM000004WE3FQAW,Created custom field Implemented Date (Date) on Suggestions,,,,
0YmdM000004yDL9SAM,createdTabSet,Custom Apps,1721714101000,005dM000004WE3FQAW,Created custom app Suggestion Box,,,,
0YmdM000004yDphSAE,createdCustEntTab,Custom Tabs,1721713961000,005dM000004WE3FQAW,Created custom object tab: Suggestions,,,,
0YmdM000004yE2gSAE,createdCFCustom,Custom Objects,1721714622000,005dM000004WE3FQAW,Created custom field Suggestion Category (Picklist) on Suggestions,,,,
0YmdM000004yE2hSAE,custentlayout,Custom Objects,1721714622000,005dM000004WE3FQAW,Changed Suggestion page layout Suggestion Layout,,,,
0YmdM000004yE7ySAE,createdCFFormulaCustom,Custom Objects,1721717496000,005dM000004WE3FQAW,Created custom formula field Number of Days Open (Number) on Suggestions,,,,
0YmdM000004yE7zSAE,custentlayout,Custom Objects,1721717496000,005dM000004WE3FQAW,Changed Suggestion page layout Suggestion Layout,,,,
0YmdM000004yIBjSAM,createdfieldupdate,Workflow Rule,1721726207000,005dM000004WE3FQAW,Created Field Update Account Type To Prospect for Object: Account,,,,
0YmdM000004yIBkSAM,addedprocessactionitem,Approval Process,1721726207000,005dM000004WE3FQAW,Added Action: Account Type To Prospect for Approval Process: Approve New Account for Object: Account,,,,
0YmdM000004yKpjSAE,custentlayout,Custom Objects,1721716182000,005dM000004WE3FQAW,Changed Suggestion page layout Suggestion Layout,,,,
0YmdM000004yMMpSAM,createdQuickAction,Global Actions,1721716665000,005dM000004WE3FQAW,Created Action: New_Suggestion,,,,
0YmdM000004yOYcSAM,activatedinteractiondefinition,Flows,1721718368000,005dM000004WE3FQAW,"Activated flow with Name ""Update Status"" and Unique Name ""Update_Status""",,,,
0YmdM000004yQIsSAM,createdprocessdefinition,Approval Process,1721724919000,005dM000004WE3FQAW,Created Approval Process: Approve Opportunity Discount for Object: Opportunity,,,,
0YmdM000004yQItSAM,createdprocessnode,Approval Process,1721724919000,005dM000004WE3FQAW,Created Process Step: Step 1 for Approval Process: Approve Opportunity Discount for Object: Opportunity,,,,
0YmdM000004yRPeSAM,newValidation,Validation Rules,1721717797000,005dM000004WE3FQAW,"New Suggestions validation rule ""Date_in_Range""",,,,
0YmdM000004yVnGSAU,createdprocessdefinition,Approval Process,1721725827000,005dM000004WE3FQAW,Created Approval Process: Approve New Account for Object: Opportunity,,,,
0YmdM000004yVnHSAU,createdprocessnode,Approval Process,1721725827000,005dM000004WE3FQAW,Created Process Step: Step 1 for Approval Process: Approve New Account for Object: Opportunity,,,,
0YmdM000004yWwHSAU,createdCF,Customize Opportunities,1721724735000,005dM000004WE3FQAW,Created custom field: Discount Percent Status (Picklist),,,,
0YmdM000004yWwISAU,opplayout,Customize Opportunities,1721724735000,005dM000004WE3FQAW,Changed Opportunity page layout Opportunity (Marketing) Layout,,,,
0YmdM000004yWwJSAU,opplayout,Customize Opportunities,1721724735000,005dM000004WE3FQAW,Changed Opportunity page layout Opportunity (Sales) Layout,,,,
0YmdM000004yWwKSAU,opplayout,Customize Opportunities,1721724735000,005dM000004WE3FQAW,Changed Opportunity page layout Opportunity (Support) Layout,,,,
0YmdM000004yWwLSAU,opplayout,Customize Opportunities,1721724735000,005dM000004WE3FQAW,Changed Opportunity page layout Opportunity Layout,,,,
0YmdM000004yZ06SAE,createdprocessdefinition,Approval Process,1721726032000,005dM000004WE3FQAW,Created Approval Process: Approve New Account for Object: Account,,,,
0YmdM000004yZ07SAE,createdprocessnode,Approval Process,1721726032000,005dM000004WE3FQAW,Created Process Step: Step 1 for Approval Process: Approve New Account for Object: Account,,,,
0YmdM000004yiXESAY,createdCF,Customize Opportunities,1721724681000,005dM000004WE3FQAW,Created custom field: Discount Percent (Percent),,,,
0YmdM000004yiXFSAY,opplayout,Customize Opportunities,1721724681000,005dM000004WE3FQAW,Changed Opportunity page layout Opportunity (Marketing) Layout,,,,
0YmdM000004yiXGSAY,opplayout,Customize Opportunities,1721724681000,005dM000004WE3FQAW,Changed Opportunity page layout Opportunity (Sales) Layout,,,,
0YmdM000004yiXHSAY,opplayout,Customize Opportunities,1721724681000,005dM000004WE3FQAW,Changed Opportunity page layout Opportunity (Support) Layout,,,,
0YmdM000004yiXISAY,opplayout,Customize Opportunities,1721724681000,005dM000004WE3FQAW,Changed Opportunity page layout Opportunity Layout,,,,
0YmdM000004ykEISAY,createdfieldupdate,Workflow Rule,1721725026000,005dM000004WE3FQAW,Created Field Update Not Approved for Object: Opportunity,,,,
0YmdM000004ykEJSAY,addedprocessactionitem,Approval Process,1721725026000,005dM000004WE3FQAW,Added Action: Not Approved for Approval Process: Approve Opportunity Discount for Object: Opportunity,,,,
0YmdM000004ymNpSAI,opplayout,Customize Opportunities,1721725181000,005dM000004WE3FQAW,Changed Opportunity page layout Opportunity Layout,,,,
0YmdM000004ymNtSAI,createdPicklistWithColor,Customize Accounts,1721725535000,005dM000004WE3FQAW,Added value Customer to Account Type picklist with color Assigned dynamically,,,,
0YmdM000004ymNuSAI,createdPicklistWithColor,Customize Accounts,1721725535000,005dM000004WE3FQAW,Added value Pending to Account Type picklist with color Assigned dynamically,,,,
0YmdM000004ymULSAY,deletedprocessdefinition,Approval Process,1721725954000,005dM000004WE3FQAW,Deleted Approval Process: Approve New Account for Object: Opportunity,,,,
0YmdM000004ymW7SAI,activatedprocessdefinition,Approval Process,1721726215000,005dM000004WE3FQAW,Activated Approval Process: Approve New Account for Object: Account,,,,
0YmdM000004yniaSAA,createdfieldupdate,Workflow Rule,1721724992000,005dM000004WE3FQAW,Created Field Update Approved for Object: Opportunity,,,,
0YmdM000004ynibSAA,addedprocessactionitem,Approval Process,1721724992000,005dM000004WE3FQAW,Added Action: Approved for Approval Process: Approve Opportunity Discount for Object: Opportunity,,,,
0YmdM000004ypggSAA,createdfieldupdate,Workflow Rule,1721726071000,005dM000004WE3FQAW,Created Field Update Account Type To Pending for Object: Account,,,,
0YmdM000004ypghSAA,addedprocessactionitem,Approval Process,1721726071000,005dM000004WE3FQAW,Added Action: Account Type To Pending for Approval Process: Approve New Account for Object: Account,,,,
0YmdM000004ysb8SAA,createdfieldupdate,Workflow Rule,1721726109000,005dM000004WE3FQAW,Created Field Update Account Type To Customer for Object: Account,,,,
0YmdM000004ysb9SAA,addedprocessactionitem,Approval Process,1721726109000,005dM000004WE3FQAW,Added Action: Account Type To Customer for Approval Process: Approve New Account for Object: Account,,,,
0YmdM000004zQIbSAM,createdFlexiPage,Lightning Pages,1721739300000,005dM000004WE3FQAW,Created Lightning Page: Account Record Page,,,,
0YmdM000004zRmESAU,createdActionOverride,Customize Accounts,1721739331000,005dM000004WE3FQAW,Added standard button override: View (Lightning Page null),,,,
0YmdM000004zULmSAM,createdFlexiPage,Lightning Pages,1721739504000,005dM000004WE3FQAW,Created Lightning Page: Account Record Page,,,,
0YmdM000004zUceSAE,createdFlexiPage,Lightning Pages,1721739208000,005dM000004WE3FQAW,Created Lightning Page: Account Record Page,,,,
0YmdM000004zVeJSAU,createdCFLookupCustom,Custom Objects,1721737735000,005dM000004WE3FQAW,Created custom lookup relationship Account (Account) on Projects,,,,
0YmdM000004zVeKSAU,custentlayout,Custom Objects,1721737735000,005dM000004WE3FQAW,Changed Project page layout Project Layout,,,,
0YmdM000004zVpfSAE,createdActionOverride,Customize Accounts,1721739331000,005dM000004WE3FQAW,Added standard button override: View (Lightning Page null),,,,
0YmdM000004zW6xSAE,changedFlexiPage,Lightning Pages,1721739343000,005dM000004WE3FQAW,Changed Lightning Page: Account Record Page,,,,
0YmdM000004zWQvSAM,profileFlsChangedStandard,Manage Users,1721738877000,005dM000004WE3FQAW,Changed profile System Administrator: field-level security for Package: Account was changed from Read/Write to No Access,,,,
0YmdM000004zXOESA2,custentlayout,Custom Objects,1721738194000,005dM000004WE3FQAW,Changed Project page layout Project Layout,,,,
0YmdM000004zasKSAQ,profileFlsChangedStandard,Manage Users,1721739063000,005dM000004WE3FQAW,Changed profile System Administrator: field-level security for Package: Account was changed from No Access to Read/Write,,,,
0YmdM000004zfToSAI,changedFlexiPage,Lightning Pages,1721739336000,005dM000004WE3FQAW,Changed Lightning Page: Account Record Page,,,,
0YmdM0000052QW8SAM,changedpassword,Manage Users,1721812031000,005dM000004WE3FQAW,Set new password for user Rahul Fatnani,,,,
0YmdM0000052gkVSAQ,changedUserEmailVerifiedStatusVerified,Manage Users,1721812014000,005dM000004WWvKQAW,"For user rahulfatnani9@mindful-narwhal-38mkxl.com, the User Verified Email status changed to verified",,,,
0YmdM0000052rbsSAA,resetpassword,Manage Users,1721811959000,005dM000004WE3FQAW,Reset password for user Rahul Fatnani,,,,
0YmdM0000052wnQSAQ,createdCFFormula,Customize Activities,1721813317000,005dM000004WE3FQAW,Created custom formula field: DB Activity Type (Text),,,,
0YmdM0000052wnRSAQ,createdCFFormula,Customize Leads,1721813317000,005dM000004WE3FQAW,Created custom formula field: DB Created Date without Time (Date),,,,
0YmdM0000052wnSSAQ,createdCFFormula,Customize Leads,1721813317000,005dM000004WE3FQAW,Created custom formula field: DB Lead Age (Number),,,,
0YmdM0000052wnTSAQ,createdCF,Customize Opportunities,1721813317000,005dM000004WE3FQAW,Created custom field: DB Competitor (Picklist),,,,
0YmdM0000052wnUSAQ,createdCF,Customize Users,1721813317000,005dM000004WE3FQAW,Created custom field: DB Region (Picklist),,,,
0YmdM0000052wnVSAQ,createdCF,Customize Campaigns,1721813317000,005dM000004WE3FQAW,Created custom field: DB Campaign Tactic (Picklist),,,,
0YmdM0000052wnWSAQ,PermSetCreateNoLicense,Manage Users,1721813324000,005dM000004WE3FQAW,Created permission set Salesforce Adoption Dashboard Admin: with no license,,,,
0YmdM0000052wnXSAQ,installedpackagingapp,Custom Apps,1721813339000,005dM000004WE3FQAW,Installed AppExchange package: Salesforce Adoption Dashboards,,,,
0YmdM0000056fxPSAQ,createdCFCustom,Custom Objects,1721886127000,005dM000004WE3FQAW,Created custom field phone (Phone) on Data Types,,,,
0YmdM0000056fxQSAQ,custentlayout,Custom Objects,1721886127000,005dM000004WE3FQAW,Changed Data Type page layout Data Type Layout,,,,
0YmdM0000056fxVSAQ,createdCFCustom,Custom Objects,1721886369000,005dM000004WE3FQAW,Created custom field multi_picklist (Picklist (Multi-Select)) on Data Types,,,,
0YmdM0000056fxWSAQ,custentlayout,Custom Objects,1721886369000,005dM000004WE3FQAW,Changed Data Type page layout Data Type Layout,,,,
0YmdM0000056gBeSAI,createdCFCustom,Custom Objects,1721886749000,005dM000004WE3FQAW,Created custom field url (URL) on Data Types,,,,
0YmdM0000056gBfSAI,custentlayout,Custom Objects,1721886749000,005dM000004WE3FQAW,Changed Data Type page layout Data Type Layout,,,,
0YmdM0000056gUtSAI,createdCFCustom,Custom Objects,1721885828000,005dM000004WE3FQAW,Created custom field date_time (Date/Time) on Data Types,,,,
0YmdM0000056gUuSAI,custentlayout,Custom Objects,1721885828000,005dM000004WE3FQAW,Changed Data Type page layout Data Type Layout,,,,
0YmdM0000056i3qSAA,createdCFMasterDetailCustom,Custom Objects,1721885698000,005dM000004WE3FQAW,Created master-detail field: Contact (Contact) on Data Types,,,,
0YmdM0000056i3rSAA,custentlayout,Custom Objects,1721885698000,005dM000004WE3FQAW,Changed Data Type page layout Data Type Layout,,,,
0YmdM0000056jCcSAI,createdCFCustom,Custom Objects,1721885740000,005dM000004WE3FQAW,Created custom field checkbox (Checkbox) on Data Types,,,,
0YmdM0000056jCdSAI,custentlayout,Custom Objects,1721885740000,005dM000004WE3FQAW,Changed Data Type page layout Data Type Layout,,,,
0YmdM0000056jCeSAI,createdCFCustom,Custom Objects,1721885981000,005dM000004WE3FQAW,Created custom field number (Number) on Data Types,,,,
0YmdM0000056jCfSAI,custentlayout,Custom Objects,1721885981000,005dM000004WE3FQAW,Changed Data Type page layout Data Type Layout,,,,
0YmdM0000056kIoSAI,createdCFCustom,Custom Objects,1721885800000,005dM000004WE3FQAW,Created custom field date (Date) on Data Types,,,,
0YmdM0000056kIpSAI,custentlayout,Custom Objects,1721885800000,005dM000004WE3FQAW,Changed Data Type page layout Data Type Layout,,,,
0YmdM0000056kwrSAA,createdCFLookupCustom,Custom Objects,1721885589000,005dM000004WE3FQAW,Created custom lookup relationship Account (Account) on Data Types,,,,
0YmdM0000056kwsSAA,custentlayout,Custom Objects,1721885590000,005dM000004WE3FQAW,Changed Data Type page layout Data Type Layout,,,,
0YmdM0000056lCpSAI,createdCFCustom,Custom Objects,1721886204000,005dM000004WE3FQAW,Created custom field picklist (Picklist) on Data Types,,,,
0YmdM0000056lCqSAI,custentlayout,Custom Objects,1721886204000,005dM000004WE3FQAW,Changed Data Type page layout Data Type Layout,,,,
0YmdM0000056neiSAA,createdCFCustom,Custom Objects,1721886699000,005dM000004WE3FQAW,Created custom field text_encypted (Text (Encrypted)) on Data Types,,,,
0YmdM0000056nejSAA,custentlayout,Custom Objects,1721886701000,005dM000004WE3FQAW,Changed Data Type page layout Data Type Layout,,,,
0YmdM0000056oBYSAY,createdCustEntTab,Custom Tabs,1721885272000,005dM000004WE3FQAW,Created custom object tab: Data Types,,,,
0YmdM0000056ovYSAQ,createdCustEnt,Custom Objects,1721885222000,005dM000004WE3FQAW,Created custom object: Data Type,,,,
0YmdM0000056quUSAQ,createdCFCustom,Custom Objects,1721886513000,005dM000004WE3FQAW,Created custom field text (Text) on Data Types,,,,
0YmdM0000056quVSAQ,custentlayout,Custom Objects,1721886513000,005dM000004WE3FQAW,Changed Data Type page layout Data Type Layout,,,,
0YmdM0000056r3sSAA,createdCFCustom,Custom Objects,1721885778000,005dM000004WE3FQAW,Created custom field currency (Currency) on Data Types,,,,
0YmdM0000056r3tSAA,custentlayout,Custom Objects,1721885778000,005dM000004WE3FQAW,Changed Data Type page layout Data Type Layout,,,,
0YmdM0000056s4WSAQ,createdCFAutoNumCustom,Custom Objects,1721885524000,005dM000004WE3FQAW,Created auto_number custom field (Auto Number: Starting from Roll-Up Summary) on Data Types,,,,
0YmdM0000056s4XSAQ,custentlayout,Custom Objects,1721885524000,005dM000004WE3FQAW,Changed Data Type page layout Data Type Layout,,,,
0YmdM0000056sB5SAI,createdCFCustom,Custom Objects,1721885856000,005dM000004WE3FQAW,Created custom field email (Email) on Data Types,,,,
0YmdM0000056sB6SAI,custentlayout,Custom Objects,1721885856000,005dM000004WE3FQAW,Changed Data Type page layout Data Type Layout,,,,
0YmdM0000056shKSAQ,createdCFCustom,Custom Objects,1721885933000,005dM000004WE3FQAW,Created custom field geolocation (Geolocation) on Data Types,,,,
0YmdM0000056shLSAQ,custentlayout,Custom Objects,1721885933000,005dM000004WE3FQAW,Changed Data Type page layout Data Type Layout,,,,
0YmdM0000056t2rSAA,createdCFCustom,Custom Objects,1721886080000,005dM000004WE3FQAW,Created custom field percent (Percent) on Data Types,,,,
0YmdM0000056t2sSAA,custentlayout,Custom Objects,1721886081000,005dM000004WE3FQAW,Changed Data Type page layout Data Type Layout,,,,
0YmdM0000056tn6SAA,createdCFCustom,Custom Objects,1721886591000,005dM000004WE3FQAW,Created custom field text_area_rich (Rich Text Area) on Data Types,,,,
0YmdM0000056tn7SAA,custentlayout,Custom Objects,1721886591000,005dM000004WE3FQAW,Changed Data Type page layout Data Type Layout,,,,
0YmdM0000056umESAQ,createdCFCustom,Custom Objects,1721886730000,005dM000004WE3FQAW,Created custom field time (Time) on Data Types,,,,
0YmdM0000056umFSAQ,custentlayout,Custom Objects,1721886730000,005dM000004WE3FQAW,Changed Data Type page layout Data Type Layout,,,,
0YmdM0000056uvySAA,createdCFCustom,Custom Objects,1721886563000,005dM000004WE3FQAW,Created custom field text_area_long (Long Text Area) on Data Types,,,,
0YmdM0000056uvzSAA,custentlayout,Custom Objects,1721886563000,005dM000004WE3FQAW,Changed Data Type page layout Data Type Layout,,,,
0YmdM0000056viISAQ,createdCFCustom,Custom Objects,1721886533000,005dM000004WE3FQAW,Created custom field text_area (Text Area) on Data Types,,,,
0YmdM0000056viJSAQ,custentlayout,Custom Objects,1721886533000,005dM000004WE3FQAW,Changed Data Type page layout Data Type Layout,,,,
0YmdM000005N3iLSAS,value_MAX_STREAMING_TOPICS_PROV,,1722267172000,005dM000004WWvLQAW,Max number of streaming topics,,,,
0YmdM000005P4TdSAK,createdFlexiPage,Lightning Pages,1722322115000,005dM000004WE3FQAW,Created Lightning Page: Dreamhouse UtilityBar,,,,
0YmdM000005PCojSAG,createdCustEntTab,Custom Tabs,1722320729000,005dM000004WE3FQAW,Created custom object tab: Houses,,,,
0YmdM000005PF1aSAG,updatedDefaultCompactLayoutMapping,Custom Objects,1722320737000,005dM000004WE3FQAW,House primary Compact Layout was changed from System Default to Custom Compact Layout,,,,
0YmdM000005PF1bSAG,savedlistlayoutCustomObject,Custom Objects,1722320737000,005dM000004WE3FQAW,Changed House search layout Search Results,,,,
0YmdM000005PF1cSAG,savedlistlayoutCustomObject,Custom Objects,1722320737000,005dM000004WE3FQAW,Changed House search layout Houses Tab,,,,
0YmdM000005PF1dSAG,savedlistlayoutCustomObject,Custom Objects,1722320737000,005dM000004WE3FQAW,Changed House search layout Lookup Dialogs,,,,
0YmdM000005PF1eSAG,savedlistlayoutCustomObject,Custom Objects,1722320737000,005dM000004WE3FQAW,Changed House search layout Lookup Phone Dialogs,,,,
0YmdM000005PF1fSAG,removedFieldOnCompactLayout,Custom Objects,1722320738000,005dM000004WE3FQAW,Removed Name field from Custom_Compact_Layout Compact Layout on House,,,,
0YmdM000005PF1gSAG,removedFieldOnCompactLayout,Custom Objects,1722320738000,005dM000004WE3FQAW,Removed 00NdM000003sLPp field from Custom_Compact_Layout Compact Layout on House,,,,
0YmdM000005PF1hSAG,removedFieldOnCompactLayout,Custom Objects,1722320738000,005dM000004WE3FQAW,Removed 00NdM000003sLPt field from Custom_Compact_Layout Compact Layout on House,,,,
0YmdM000005PF1iSAG,removedFieldOnCompactLayout,Custom Objects,1722320738000,005dM000004WE3FQAW,Removed 00NdM000003sLPm field from Custom_Compact_Layout Compact Layout on House,,,,
0YmdM000005PF1jSAG,removedFieldOnCompactLayout,Custom Objects,1722320738000,005dM000004WE3FQAW,Removed 00NdM000003sLPr field from Custom_Compact_Layout Compact Layout on House,,,,
0YmdM000005PF1kSAG,removedFieldOnCompactLayout,Custom Objects,1722320738000,005dM000004WE3FQAW,Removed 00NdM000003sLPo field from Custom_Compact_Layout Compact Layout on House,,,,
0YmdM000005PF1lSAG,removedFieldOnCompactLayout,Custom Objects,1722320738000,005dM000004WE3FQAW,Removed 00NdM000003sLPn field from Custom_Compact_Layout Compact Layout on House,,,,
0YmdM000005PF1mSAG,removedFieldOnCompactLayout,Custom Objects,1722320738000,005dM000004WE3FQAW,Removed 00NdM000003sLPs field from Custom_Compact_Layout Compact Layout on House,,,,
0YmdM000005PF1nSAG,removedFieldOnCompactLayout,Custom Objects,1722320738000,005dM000004WE3FQAW,Removed 00NdM000003sLPu field from Custom_Compact_Layout Compact Layout on House,,,,
0YmdM000005PF1oSAG,removedFieldOnCompactLayout,Custom Objects,1722320738000,005dM000004WE3FQAW,Removed 00NdM000003sLPq field from Custom_Compact_Layout Compact Layout on House,,,,
0YmdM000005PF1pSAG,addedFieldToCompactLayout,Custom Objects,1722320738000,005dM000004WE3FQAW,Added NAME field to Custom_Compact_Layout Compact Layout on House,,,,
0YmdM000005PF1qSAG,addedFieldToCompactLayout,Custom Objects,1722320738000,005dM000004WE3FQAW,Added House_Name__c field to Custom_Compact_Layout Compact Layout on House,,,,
0YmdM000005PF1rSAG,addedFieldToCompactLayout,Custom Objects,1722320738000,005dM000004WE3FQAW,Added Address__c field to Custom_Compact_Layout Compact Layout on House,,,,
0YmdM000005PF1sSAG,addedFieldToCompactLayout,Custom Objects,1722320738000,005dM000004WE3FQAW,Added State__c field to Custom_Compact_Layout Compact Layout on House,,,,
0YmdM000005PF1tSAG,addedFieldToCompactLayout,Custom Objects,1722320738000,005dM000004WE3FQAW,Added City__c field to Custom_Compact_Layout Compact Layout on House,,,,
0YmdM000005PF1uSAG,addedFieldToCompactLayout,Custom Objects,1722320738000,005dM000004WE3FQAW,Added Zip__c field to Custom_Compact_Layout Compact Layout on House,,,,
0YmdM000005PF1vSAG,addedFieldToCompactLayout,Custom Objects,1722320738000,005dM000004WE3FQAW,Added Bedroom__c field to Custom_Compact_Layout Compact Layout on House,,,,
0YmdM000005PF1wSAG,addedFieldToCompactLayout,Custom Objects,1722320738000,005dM000004WE3FQAW,Added Bathrooms__c field to Custom_Compact_Layout Compact Layout on House,,,,
0YmdM000005PF1xSAG,addedFieldToCompactLayout,Custom Objects,1722320738000,005dM000004WE3FQAW,Added Price__c field to Custom_Compact_Layout Compact Layout on House,,,,
0YmdM000005PF1ySAG,addedFieldToCompactLayout,Custom Objects,1722320738000,005dM000004WE3FQAW,Added Picture__c field to Custom_Compact_Layout Compact Layout on House,,,,
0YmdM000005PGM5SAO,profileFlsChangedStandard,Manage Users,1722320735000,005dM000004WE3FQAW,Changed profile System Administrator: field-level security for House: Picture was changed from No Access to Read/Write,,,,
0YmdM000005PGM6SAO,profileFlsChangedStandard,Manage Users,1722320735000,005dM000004WE3FQAW,Changed profile System Administrator: field-level security for House: Address was changed from No Access to Read/Write,,,,
0YmdM000005PGM7SAO,profileFlsChangedStandard,Manage Users,1722320735000,005dM000004WE3FQAW,Changed profile System Administrator: field-level security for House: House Name was changed from No Access to Read/Write,,,,
0YmdM000005PGM8SAO,profileFlsChangedStandard,Manage Users,1722320735000,005dM000004WE3FQAW,Changed profile System Administrator: field-level security for House: State was changed from No Access to Read/Write,,,,
0YmdM000005PGM9SAO,profileFlsChangedStandard,Manage Users,1722320735000,005dM000004WE3FQAW,Changed profile System Administrator: field-level security for House: Zip was changed from No Access to Read/Write,,,,
0YmdM000005PGMASA4,profileFlsChangedStandard,Manage Users,1722320735000,005dM000004WE3FQAW,Changed profile System Administrator: field-level security for House: Price was changed from No Access to Read/Write,,,,
0YmdM000005PGMBSA4,profileFlsChangedStandard,Manage Users,1722320735000,005dM000004WE3FQAW,Changed profile System Administrator: field-level security for House: Bathrooms was changed from No Access to Read/Write,,,,
0YmdM000005PGMCSA4,profileFlsChangedStandard,Manage Users,1722320735000,005dM000004WE3FQAW,Changed profile System Administrator: field-level security for House: City was changed from No Access to Read/Write,,,,
0YmdM000005PGMDSA4,profileFlsChangedStandard,Manage Users,1722320735000,005dM000004WE3FQAW,Changed profile System Administrator: field-level security for House: Bedroom was changed from No Access to Read/Write,,,,
0YmdM000005PGMESA4,profileTabsetChangedStandard,Manage Users,1722320735000,005dM000004WE3FQAW,Changed profile System Administrator: House tab was changed from Tab Hidden to Default On,,,,
0YmdM000005PJHLSA4,createdApexClass,Apex Class,1722323930000,005dM000004WE3FQAW,Created HouseService Apex Class code,,,,
0YmdM000005PMM1SAO,custentlayout,Custom Objects,1722320728000,005dM000004WE3FQAW,Changed House page layout House Layout,,,,
0YmdM000005PSXiSAO,createdCustEnt,Custom Objects,1722320726000,005dM000004WE3FQAW,Created custom object: House,,,,
0YmdM000005PSXjSAO,createdCFCustom,Custom Objects,1722320726000,005dM000004WE3FQAW,Created custom field State (Text) on Houses,,,,
0YmdM000005PSXkSAO,createdCFCustom,Custom Objects,1722320726000,005dM000004WE3FQAW,Created custom field Bedroom (Number) on Houses,,,,
0YmdM000005PSXlSAO,createdCFCustom,Custom Objects,1722320726000,005dM000004WE3FQAW,Created custom field Zip (Text) on Houses,,,,
0YmdM000005PSXmSAO,createdCFCustom,Custom Objects,1722320726000,005dM000004WE3FQAW,Created custom field House Name (Text) on Houses,,,,
0YmdM000005PSXnSAO,createdCFCustom,Custom Objects,1722320726000,005dM000004WE3FQAW,Created custom field Picture (URL) on Houses,,,,
0YmdM000005PSXoSAO,createdCFCustom,Custom Objects,1722320726000,005dM000004WE3FQAW,Created custom field City (Text) on Houses,,,,
0YmdM000005PSXpSAO,createdCFCustom,Custom Objects,1722320726000,005dM000004WE3FQAW,Created custom field Bathrooms (Number) on Houses,,,,
0YmdM000005PSXqSAO,createdCFCustom,Custom Objects,1722320726000,005dM000004WE3FQAW,Created custom field Address (Text) on Houses,,,,
0YmdM000005PSXrSAO,createdCFCustom,Custom Objects,1722320727000,005dM000004WE3FQAW,Created custom field Price (Number) on Houses,,,,
0YmdM000005PSXsSAO,createdCompactLayout,Custom Objects,1722320727000,005dM000004WE3FQAW,Created Compact Layout Custom_Compact_Layout on House,,,,
0YmdM000005PUpmSAG,createdTabSet,Custom Apps,1722322116000,005dM000004WE3FQAW,Created custom app Dreamhouse,,,,
0YmdM000005PVnlSAG,changedApexClass,Apex Class,1722325323000,005dM000004WE3FQAW,Changed HouseService Apex Class code,,,,
0YmdM000005PXxkSAG,createdFlexiPage,Lightning Pages,1722326669000,005dM000004WE3FQAW,Created Lightning Page: Home Page Default,,,,
0YmdM000005PYkKSAW,createdLightningWebComponent,Lightning Components,1722326614000,005dM000004WE3FQAW,Created housingMap Lightning Web Component,,,,
0YmdM000005PifnSAC,createdActionOverride,Standard Buttons and Links,1722326687000,005dM000004WE3FQAW,Added standard button override: Tab (Lightning Page null),,,,
0YmdM000005ShSZSA0,createdApexClass,Apex Class,1722402728000,005dM000004WE3FQAW,Created OlderAccountsUtility Apex Class code,,,,
0YmdM000005SlJdSAK,changedApexClass,Apex Class,1722406179000,005dM000004WE3FQAW,Changed EmailManager Apex Class code,,,,
0YmdM000005SlMLSA0,changedApexClass,Apex Class,1722403415000,005dM000004WE3FQAW,Changed OlderAccountsUtility Apex Class code,,,,
0YmdM000005Ss4VSAS,createdApexClass,Apex Class,1722405437000,005dM000004WE3FQAW,Created EmailManager Apex Class code,,,,
0YmdM000005SudzSAC,changedApexClass,Apex Class,1722405628000,005dM000004WE3FQAW,Changed EmailManager Apex Class code,,,,
0YmdM000005SuhHSAS,createdApexClass,Apex Class,1722406241000,005dM000004WE3FQAW,Created StringListTest Apex Class code,,,,
0YmdM000005T1fQSAS,changedApexClass,Apex Class,1722406740000,005dM000004WE3FQAW,Changed StringListTest Apex Class code,,,,
0YmdM000005TTIySAO,createdApexClass,Apex Class,1722421335000,005dM000004WE3FQAW,Created AccountHandler Apex Class code,,,,
0YmdM000005TW6ESAW,changedApexClass,Apex Class,1722421632000,005dM000004WE3FQAW,Changed AccountHandler Apex Class code,,,,
0YmdM000005TZlDSAW,changedApexClass,Apex Class,1722424228000,005dM000004WE3FQAW,Changed AccountHandler Apex Class code,,,,
0YmdM000005Tev4SAC,changedApexClass,Apex Class,1722422400000,005dM000004WE3FQAW,Changed AccountHandler Apex Class code,,,,
0YmdM000005TiUNSA0,changedApexClass,Apex Class,1722423709000,005dM000004WE3FQAW,Changed AccountHandler Apex Class code,,,,
0YmdM000005TlgkSAC,changedApexClass,Apex Class,1722423854000,005dM000004WE3FQAW,Changed AccountHandler Apex Class code,,,,
0YmdM000005TqgPSAS,changedApexClass,Apex Class,1722423788000,005dM000004WE3FQAW,Changed AccountHandler Apex Class code,,,,
0YmdM000005XDRwSAO,changedApexClass,Apex Class,1722495026000,005dM000004WE3FQAW,Changed AccountHandler Apex Class code,,,,
0YmdM000005kJZqSAM,createdinteractiondefversion,Flows,1722839019000,005dM000004WE3FQAW,"Created flow version #1 ""Variables"" for flow with Unique Name ""Variables""",,,,
0YmdM000005kJZrSAM,deactivatedinteractiondefversion,Flows,1722839019000,005dM000004WE3FQAW,"Deactivated flow version #1 ""Variables"" for flow with Unique Name ""Variables""",,,,
0YmdM000005kJZsSAM,deletedinteractiondefversion,Flows,1722839020000,005dM000004WE3FQAW,"Deleted flow version #-1 ""Variables"" for flow with Unique Name ""Variables""",,,,
0YmdM000005kJZtSAM,deactivatedinteractiondefinition,Flows,1722839020000,005dM000004WE3FQAW,"Deactivated flow with Name ""Variables"" and Unique Name ""Variables""",,,,
0YmdM000005kNtFSAU,createdinteractiondefinition,Flows,1722838950000,005dM000004WE3FQAW,"Created flow with Name ""Variables"" and Unique Name ""Variables""",,,,
0YmdM0000060rSeSAI,changedFlexiPage,Lightning Pages,1723186247000,005dM000004WE3FQAW,Changed Lightning Page: Contact Record Page,,,,
0YmdM0000060vxOSAQ,createdCF,Customize Contacts,1723186240000,005dM000004WE3FQAW,Created custom field: Account Checkbox (Checkbox),,,,
0YmdM0000060vxPSAQ,contactlayout,Customize Contacts,1723186240000,005dM000004WE3FQAW,Changed Contact page layout Contact (Marketing) Layout,,,,
0YmdM0000060vxQSAQ,contactlayout,Customize Contacts,1723186240000,005dM000004WE3FQAW,Changed Contact page layout Contact (Sales) Layout,,,,
0YmdM0000060vxRSAQ,contactlayout,Customize Contacts,1723186240000,005dM000004WE3FQAW,Changed Contact page layout Contact (Support) Layout,,,,
0YmdM0000060vxSSAQ,contactlayout,Customize Contacts,1723186240000,005dM000004WE3FQAW,Changed Contact page layout Contact Layout,,,,
0YmdM00000635JFSAY,value_MAX_STREAMING_TOPICS_PROV,,1723231188000,005dM000004WWvLQAW,Max number of streaming topics,,,,
0YmdM000006AhKDSA0,changedApexTrigger,Apex Trigger,1723455648000,005dM000004WE3FQAW,Changed Contact Trigger code: ContactTrigger,,,,
0YmdM000006Al34SAC,createdApexTrigger,Apex Trigger,1723455613000,005dM000004WE3FQAW,Created Contact Trigger code: ContactTrigger,,,,
0YmdM000006AlrOSAS,createdCF,Customize Contacts,1723455535000,005dM000004WE3FQAW,Created custom field: Status (Picklist),,,,
0YmdM000006AlrPSAS,contactlayout,Customize Contacts,1723455535000,005dM000004WE3FQAW,Changed Contact page layout Contact (Marketing) Layout,,,,
0YmdM000006AlrQSAS,contactlayout,Customize Contacts,1723455535000,005dM000004WE3FQAW,Changed Contact page layout Contact (Sales) Layout,,,,
0YmdM000006AlrRSAS,contactlayout,Customize Contacts,1723455535000,005dM000004WE3FQAW,Changed Contact page layout Contact (Support) Layout,,,,
0YmdM000006AlrSSAS,contactlayout,Customize Contacts,1723455535000,005dM000004WE3FQAW,Changed Contact page layout Contact Layout,,,,
0YmdM000006AxQLSA0,changedFlexiPage,Lightning Pages,1723455538000,005dM000004WE3FQAW,Changed Lightning Page: Contact Record Page,,,,
0YmdM000006Ck0YSAS,value_MAX_STREAMING_TOPICS_PROV,,1723482870000,005dM000004WWvLQAW,Max number of streaming topics,,,,
0YmdM000007chHfSAI,value_MAX_STREAMING_TOPICS_PROV,,1725566212000,005dM000004WWvLQAW,Max number of streaming topics,,,,
0YmdM000007mf3ZSAQ,createdCFCustom,Custom Objects,1725861271000,005dM000004WE3FQAW,Created custom field End Date (Date) on Projects,,,,
0YmdM000007mf3aSAA,custentlayout,Custom Objects,1725861271000,005dM000004WE3FQAW,Changed Project page layout Project Layout,,,,
0YmdM000007mtwBSAQ,createdCFLookupCustom,Custom Objects,1725862902000,005dM000004WE3FQAW,Created custom lookup relationship Customer Account (Account) on Projects,,,,
0YmdM000007mtwCSAQ,custentlayout,Custom Objects,1725862902000,005dM000004WE3FQAW,Changed Project page layout Project Layout,,,,
0YmdM000007n4zVSAQ,createdCFCustom,Custom Objects,1725862465000,005dM000004WE3FQAW,Created custom field Start Date (Date) on Projects,,,,
0YmdM000007n4zWSAQ,custentlayout,Custom Objects,1725862465000,005dM000004WE3FQAW,Changed Project page layout Project Layout,,,,
0YmdM000007n9aqSAA,changedValidationActive,Validation Rules,1725863521000,005dM000004WE3FQAW,"Changed active flag for Accounts validation ""Account_Number_8_Characters"" from 1 to 0",,,,
0YmdM000007nNzNSAU,createdCFCustom,Custom Objects,1725875221000,005dM000004WE3FQAW,Created custom field Ext Id (Text) on Projects,,,,
0YmdM000007nNzOSAU,custentlayout,Custom Objects,1725875221000,005dM000004WE3FQAW,Changed Project page layout Project Layout,,,,
0YmdM000007nWpFSAU,createdCFCustom,Custom Objects,1725871290000,005dM000004WE3FQAW,Created custom field Budget (Number) on Projects,,,,
0YmdM000007nWpGSAU,custentlayout,Custom Objects,1725871290000,005dM000004WE3FQAW,Changed Project page layout Project Layout,,,,
0YmdM000007naOSSAY,changedCFTypeCustom,Custom Objects,1725875172000,005dM000004WE3FQAW,Changed field type of Budget custom field on Projects from Number to Currency,,,,
0YmdM000007nawaSAA,custentlayout,Custom Objects,1725876269000,005dM000004WE3FQAW,Changed Project page layout Project Layout,,,,
0YmdM000007nclGSAQ,deletedCFCustom,Custom Objects,1725875690000,005dM000004WE3FQAW,Deleted custom field Ext Id from Projects,,,,
0YmdM000007qvJCSAY,changedUserEmailVerifiedStatusVerified,Manage Users,1725942877000,005dM000004WE3FQAW,"For user rahulfatnani9@mindful-narwhal-38mkxl.com, the User Verified Email status changed to verified",,,,
